2026-03-27 09:25:48.361,2026-03-27 09:25:48.361,-0.000581,-0.000220,01A0,1100000000000000,8
2026-03-27 09:25:48.362,2026-03-27 09:25:48.362,-0.000581,-0.000220,00AA,0000000000008000,8
2026-03-27 09:25:48.362,2026-03-27 09:25:48.362,-0.000581,-0.000220,00A8,0000000000000000,8
2026-03-27 09:25:48.362,2026-03-27 09:25:48.362,-0.000581,-0.000220,019E,0000000000000000,8
2026-03-27 09:25:48.410,2026-03-27 09:25:48.410,-0.000581,-0.000220,01A0,2200000000000000,8
2026-03-27 09:25:48.410,2026-03-27 09:25:48.410,-0.000581,-0.000220,00AA,0000000000008000,8
2026-03-27 09:25:48.410,2026-03-27 09:25:48.410,-0.000581,-0.000220,00A8,0000000000000000,8
2026-03-27 09:25:48.410,2026-03-27 09:25:48.410,-0.000581,-0.000220,019E,0000000000000000,8
2026-03-27 09:25:48.461,2026-03-27 09:25:48.461,-0.000581,-0.000220,01A0,3300000000000000,8
2026-03-27 09:25:48.461,2026-03-27 09:25:48.461,-0.000581,-0.000220,00AA,0000000000008000,8
2026-03-27 09:25:48.461,2026-03-27 09:25:48.461,-0.000581,-0.000220,00A8,0000000000000000,8
2026-03-27 09:25:48.461,2026-03-27 09:25:48.461,-0.000581,-0.000220,019E,0000000000000000,8
2026-03-27 09:25:48.510,2026-03-27 09:25:48.510,-0.000581,-0.000220,01A0,4500000000000000,8
2026-03-27 09:25:48.511,2026-03-27 09:25:48.511,-0.000581,-0.000220,00AA,0000000000008000,8
2026-03-27 09:25:48.511,2026-03-27 09:25:48.511,-0.000581,-0.000220,00A8,0000000000000000,8
2026-03-27 09:25:48.511,2026-03-27 09:25:48.511,-0.000581,-0.000220,019E,0000000000000000,8
2026-03-27 09:25:48.560,2026-03-27 09:25:48.560,-0.000581,-0.000220,01A0,5600000000000000,8
2026-03-27 09:25:48.561,2026-03-27 09:25:48.561,-0.000581,-0.000220,00AA,0000000000008000,8
2026-03-27 09:25:48.561,2026-03-27 09:25:48.561,-0.000581,-0.000220,00A8,0000000000000000,8
2026-03-27 09:25:48.561,2026-03-27 09:25:48.561,-0.000581,-0.000220,019E,0000000000000000,8
2026-03-27 09:25:48.611,2026-03-27 09:25:48.611,-0.000581,-0.000220,01A0,6700000000000000,8
2026-03-27 09:25:48.611,2026-03-27 09:25:48.611,-0.000581,-0.000220,00AA,0000000000008000,8
2026-03-27 09:25:48.611,2026-03-27 09:25:48.611,-0.000581,-0.000220,00A8,0000000000000000,8
2026-03-27 09:25:48.611,2026-03-27 09:25:48.611,-0.000581,-0.000220,019E,0000000000000000,8
2026-03-27 09:25:48.660,2026-03-27 09:25:48.660,-0.000581,-0.000220,00AA,0000000000008000,8
2026-03-27 09:25:48.661,2026-03-27 09:25:48.661,-0.000581,-0.000220,00A8,0000000000000000,8
2026-03-27 09:25:48.661,2026-03-27 09:25:48.661,-0.000581,-0.000220,019E,0000000000000000,8
2026-03-27 09:25:48.710,2026-03-27 09:25:48.710,-0.000581,-0.000220,00AA,0000000000008000,8
2026-03-27 09:25:48.710,2026-03-27 09:25:48.710,-0.000581,-0.000220,00A8,0000000000000000,8
2026-03-27 09:25:48.710,2026-03-27 09:25:48.710,-0.000581,-0.000220,019E,0000000000000000,8
2026-03-27 09:25:48.760,2026-03-27 09:25:48.760,-0.000581,-0.000220,00AA,0000000000008000,8
2026-03-27 09:25:48.760,2026-03-27 09:25:48.760,-0.000581,-0.000220,00A8,0000000000000000,8
2026-03-27 09:25:48.761,2026-03-27 09:25:48.761,-0.000581,-0.000220,019E,0000000000000000,8
2026-03-27 09:25:48.810,2026-03-27 09:25:48.810,-0.000581,-0.000220,00AA,0000000000008000,8
2026-03-27 09:25:48.811,2026-03-27 09:25:48.811,-0.000581,-0.000220,00A8,0000000000000000,8
2026-03-27 09:25:48.811,2026-03-27 09:25:48.811,-0.000581,-0.000220,019E,0000000000000000,8
2026-03-27 09:25:48.861,2026-03-27 09:25:48.861,-0.000581,-0.000220,01A0,0800000000000000,8
2026-03-27 09:25:48.861,2026-03-27 09:25:48.861,-0.000581,-0.000220,00AA,0000000000008000,8
2026-03-27 09:25:48.861,2026-03-27 09:25:48.861,-0.000581,-0.000220,00A8,0000000000000000,8
2026-03-27 09:25:48.861,2026-03-27 09:25:48.861,-0.000581,-0.000220,019E,0000000000000000,8
2026-03-27 09:25:48.911,2026-03-27 09:25:48.911,-0.000581,-0.000220,01A0,0800000000000000,8
2026-03-27 09:25:48.911,2026-03-27 09:25:48.911,-0.000581,-0.000220,00AA,0000000000008000,8
2026-03-27 09:25:48.911,2026-03-27 09:25:48.911,-0.000581,-0.000220,00A8,0000000000000000,8
2026-03-27 09:25:48.911,2026-03-27 09:25:48.911,-0.000581,-0.000220,019E,0000000000000000,8
2026-03-27 09:25:48.961,2026-03-27 09:25:48.961,-0.000581,-0.000220,01A0,0700000000000000,8
2026-03-27 09:25:48.961,2026-03-27 09:25:48.961,-0.000581,-0.000220,00AA,0000000000008000,8
2026-03-27 09:25:48.961,2026-03-27 09:25:48.961,-0.000581,-0.000220,00A8,0000000000000000,8
2026-03-27 09:25:48.961,2026-03-27 09:25:48.961,-0.000581,-0.000220,019E,0000000000000000,8
2026-03-27 09:25:49.010,2026-03-27 09:25:49.010,-0.000581,-0.000220,01A0,0600000000000000,8
2026-03-27 09:25:49.011,2026-03-27 09:25:49.011,-0.000581,-0.000220,00AA,0000000000008000,8
2026-03-27 09:25:49.011,2026-03-27 09:25:49.011,-0.000581,-0.000220,00A8,0000000000000000,8
2026-03-27 09:25:49.011,2026-03-27 09:25:49.011,-0.000581,-0.000220,019E,0000000000000000,8
2026-03-27 09:25:49.062,2026-03-27 09:25:49.062,-0.000581,-0.000220,01A0,0400000000000000,8
2026-03-27 09:25:49.062,2026-03-27 09:25:49.062,-0.000581,-0.000220,00AA,0000000000008000,8
2026-03-27 09:25:49.062,2026-03-27 09:25:49.062,-0.000581,-0.000220,00A8,0000000000000000,8
2026-03-27 09:25:49.062,2026-03-27 09:25:49.062,-0.000581,-0.000220,019E,0000000000000000,8
2026-03-27 09:25:49.111,2026-03-27 09:25:49.111,-0.000581,-0.000220,00AA,0000000000008000,8
2026-03-27 09:25:49.112,2026-03-27 09:25:49.112,-0.000581,-0.000220,00A8,0000000000000000,8
2026-03-27 09:25:49.112,2026-03-27 09:25:49.112,-0.000581,-0.000220,019E,0000000000000000,8
2026-03-27 09:25:49.162,2026-03-27 09:25:49.162,-0.000581,-0.000220,00AA,0000000000008000,8
2026-03-27 09:25:49.162,2026-03-27 09:25:49.162,-0.000581,-0.000220,00A8,0000000000000000,8
2026-03-27 09:25:49.162,2026-03-27 09:25:49.162,-0.000581,-0.000220,019E,0000000000000000,8
2026-03-27 09:25:49.211,2026-03-27 09:25:49.211,-0.000581,-0.000220,00AA,0000000000008000,8
2026-03-27 09:25:49.212,2026-03-27 09:25:49.212,-0.000581,-0.000220,00A8,0000000000000000,8
2026-03-27 09:25:49.212,2026-03-27 09:25:49.212,-0.000581,-0.000220,019E,0000000000000000,8
2026-03-27 09:25:49.262,2026-03-27 09:25:49.262,-0.000581,-0.000220,01A0,0100000000000000,8
2026-03-27 09:25:49.262,2026-03-27 09:25:49.262,-0.000581,-0.000220,00AA,0000000000008000,8
2026-03-27 09:25:49.262,2026-03-27 09:25:49.262,-0.000581,-0.000220,00A8,0000000000000000,8
2026-03-27 09:25:49.262,2026-03-27 09:25:49.262,-0.000581,-0.000220,019E,0000000000000000,8
2026-03-27 09:25:49.312,2026-03-27 09:25:49.312,-0.000581,-0.000220,00AA,0000000000008000,8
2026-03-27 09:25:49.312,2026-03-27 09:25:49.312,-0.000581,-0.000220,00A8,0000000000000000,8
2026-03-27 09:25:49.312,2026-03-27 09:25:49.312,-0.000581,-0.000220,019E,0000000000000000,8
2026-03-27 09:25:49.361,2026-03-27 09:25:49.361,-0.000581,-0.000220,00AA,0000000000008000,8
2026-03-27 09:25:49.361,2026-03-27 09:25:49.361,-0.000581,-0.000220,00A8,0000000000000000,8
2026-03-27 09:25:49.362,2026-03-27 09:25:49.362,-0.000581,-0.000220,019E,0000000000000000,8
2026-03-27 09:25:49.411,2026-03-27 09:25:49.411,-0.000581,-0.000220,01A0,0000000000000000,8
2026-03-27 09:25:49.411,2026-03-27 09:25:49.411,-0.000581,-0.000220,00AA,0000000000008000,8
2026-03-27 09:25:49.411,2026-03-27 09:25:49.411,-0.000581,-0.000220,00A8,0000000000000000,8
2026-03-27 09:25:49.411,2026-03-27 09:25:49.411,-0.000581,-0.000220,019E,0000000000000000,8
2026-03-27 09:25:49.461,2026-03-27 09:25:49.461,-0.000581,-0.000220,01A0,0000000000000000,8
2026-03-27 09:25:49.461,2026-03-27 09:25:49.461,-0.000581,-0.000220,00AA,0000000000008000,8
2026-03-27 09:25:49.461,2026-03-27 09:25:49.461,-0.000581,-0.000220,00A8,0000000000000000,8
2026-03-27 09:25:49.462,2026-03-27 09:25:49.462,-0.000581,-0.000220,019E,0000000000000000,8
2026-03-27 09:25:49.511,2026-03-27 09:25:49.511,-0.000581,-0.000220,01A0,0000000000000000,8
2026-03-27 09:25:49.512,2026-03-27 09:25:49.512,-0.000581,-0.000220,00AA,0000000000008000,8
2026-03-27 09:25:49.512,2026-03-27 09:25:49.512,-0.000581,-0.000220,00A8,0000000000000000,8
2026-03-27 09:25:49.512,2026-03-27 09:25:49.512,-0.000581,-0.000220,019E,0000000000000000,8
2026-03-27 09:25:49.562,2026-03-27 09:25:49.562,-0.000581,-0.000220,00AA,0000000000008000,8
2026-03-27 09:25:49.562,2026-03-27 09:25:49.562,-0.000581,-0.000220,00A8,0000000000000000,8
2026-03-27 09:25:49.562,2026-03-27 09:25:49.562,-0.000581,-0.000220,019E,0000000000000000,8
2026-03-27 09:25:49.612,2026-03-27 09:25:49.612,-0.000581,-0.000220,01A0,0000000000000000,8
2026-03-27 09:25:49.612,2026-03-27 09:25:49.612,-0.000581,-0.000220,00AA,0000000000008000,8
2026-03-27 09:25:49.612,2026-03-27 09:25:49.612,-0.000581,-0.000220,00A8,0000000000000000,8
2026-03-27 09:25:49.612,2026-03-27 09:25:49.612,-0.000581,-0.000220,019E,0000000000000000,8
2026-03-27 09:25:49.661,2026-03-27 09:25:49.661,-0.000581,-0.000220,01A0,0000000000000000,8
2026-03-27 09:25:49.662,2026-03-27 09:25:49.662,-0.000581,-0.000220,00AA,0000000000008000,8
2026-03-27 09:25:49.662,2026-03-27 09:25:49.662,-0.000581,-0.000220,00A8,0000000000000000,8
2026-03-27 09:25:49.662,2026-03-27 09:25:49.662,-0.000581,-0.000220,019E,0000000000000000,8
2026-03-27 09:25:49.711,2026-03-27 09:25:49.711,-0.000581,-0.000220,01A0,0000000000000000,8
2026-03-27 09:25:49.711,2026-03-27 09:25:49.711,-0.000581,-0.000220,00AA,0000000000008000,8
2026-03-27 09:25:49.711,2026-03-27 09:25:49.711,-0.000581,-0.000220,00A8,0000000000000000,8
2026-03-27 09:25:49.711,2026-03-27 09:25:49.711,-0.000581,-0.000220,019E,0000000000000000,8
2026-03-27 09:25:49.761,2026-03-27 09:25:49.761,-0.000581,-0.000220,01A0,0000000000000000,8
2026-03-27 09:25:49.761,2026-03-27 09:25:49.761,-0.000581,-0.000220,00AA,0000000000008000,8
2026-03-27 09:25:49.761,2026-03-27 09:25:49.761,-0.000581,-0.000220,00A8,0000000000000000,8
2026-03-27 09:25:49.761,2026-03-27 09:25:49.761,-0.000581,-0.000220,019E,0000000000000000,8
2026-03-27 09:25:49.812,2026-03-27 09:25:49.812,-0.000581,-0.000220,01A0,0000000000000000,8
2026-03-27 09:25:49.812,2026-03-27 09:25:49.812,-0.000581,-0.000220,00AA,0000000000008000,8
2026-03-27 09:25:49.812,2026-03-27 09:25:49.812,-0.000581,-0.000220,00A8,0000000000000000,8
2026-03-27 09:25:49.812,2026-03-27 09:25:49.812,-0.000581,-0.000220,019E,0000000000000000,8
2026-03-27 09:25:49.862,2026-03-27 09:25:49.862,-0.000581,-0.000220,01A0,0000000000000000,8
2026-03-27 09:25:49.862,2026-03-27 09:25:49.862,-0.000581,-0.000220,00AA,0000000000008000,8
2026-03-27 09:25:49.862,2026-03-27 09:25:49.862,-0.000581,-0.000220,00A8,0000000000000000,8
2026-03-27 09:25:49.862,2026-03-27 09:25:49.862,-0.000581,-0.000220,019E,0000000000000000,8
2026-03-27 09:25:49.911,2026-03-27 09:25:49.911,-0.000581,-0.000220,01A0,0000000000000000,8
2026-03-27 09:25:49.912,2026-03-27 09:25:49.912,-0.000581,-0.000220,00AA,0000000000008000,8
2026-03-27 09:25:49.912,2026-03-27 09:25:49.912,-0.000581,-0.000220,00A8,0000000000000000,8
2026-03-27 09:25:49.912,2026-03-27 09:25:49.912,-0.000581,-0.000220,019E,0000000000000000,8
2026-03-27 09:25:49.961,2026-03-27 09:25:49.961,-0.000581,-0.000220,01A0,0000000000000000,8
2026-03-27 09:25:49.961,2026-03-27 09:25:49.961,-0.000581,-0.000220,00AA,0000000000008000,8
2026-03-27 09:25:49.961,2026-03-27 09:25:49.961,-0.000581,-0.000220,00A8,0000000000000000,8
2026-03-27 09:25:49.962,2026-03-27 09:25:49.962,-0.000581,-0.000220,019E,0000000000000000,8
2026-03-27 09:25:50.011,2026-03-27 09:25:50.011,-0.000581,-0.000220,01A0,0000000000000000,8
2026-03-27 09:25:50.011,2026-03-27 09:25:50.011,-0.000581,-0.000220,00AA,0000000000008000,8
2026-03-27 09:25:50.011,2026-03-27 09:25:50.011,-0.000581,-0.000220,00A8,0000000000000000,8
2026-03-27 09:25:50.011,2026-03-27 09:25:50.011,-0.000581,-0.000220,019E,0000000000000000,8
2026-03-27 09:25:50.061,2026-03-27 09:25:50.061,-0.000581,-0.000220,01A0,0000000000000000,8
2026-03-27 09:25:50.062,2026-03-27 09:25:50.062,-0.000581,-0.000220,00AA,0000000000008000,8
2026-03-27 09:25:50.062,2026-03-27 09:25:50.062,-0.000581,-0.000220,00A8,0000000000000000,8
2026-03-27 09:25:50.062,2026-03-27 09:25:50.062,-0.000581,-0.000220,019E,0000000000000000,8
2026-03-27 09:25:50.112,2026-03-27 09:25:50.112,-0.000581,-0.000220,01A0,0000000000000000,8
2026-03-27 09:25:50.112,2026-03-27 09:25:50.112,-0.000581,-0.000220,00AA,0000000000008000,8
2026-03-27 09:25:50.112,2026-03-27 09:25:50.112,-0.000581,-0.000220,00A8,0000000000000000,8
2026-03-27 09:25:50.112,2026-03-27 09:25:50.112,-0.000581,-0.000220,019E,0000000000000000,8
2026-03-27 09:25:50.161,2026-03-27 09:25:50.161,-0.000581,-0.000220,01A0,0000000000000000,8
2026-03-27 09:25:50.161,2026-03-27 09:25:50.161,-0.000581,-0.000220,00AA,0000000000008000,8
2026-03-27 09:25:50.161,2026-03-27 09:25:50.161,-0.000581,-0.000220,00A8,0000000000000000,8
2026-03-27 09:25:50.162,2026-03-27 09:25:50.162,-0.000581,-0.000220,019E,0000000000000000,8
2026-03-27 09:25:50.212,2026-03-27 09:25:50.212,-0.000581,-0.000220,01A0,0000000000000000,8
2026-03-27 09:25:50.212,2026-03-27 09:25:50.212,-0.000581,-0.000220,00AA,0000000000008000,8
2026-03-27 09:25:50.212,2026-03-27 09:25:50.212,-0.000581,-0.000220,00A8,0000000000000000,8
2026-03-27 09:25:50.212,2026-03-27 09:25:50.212,-0.000581,-0.000220,019E,0000000000000000,8
2026-03-27 09:25:50.262,2026-03-27 09:25:50.262,-0.000581,-0.000220,01A0,0000000000000000,8
2026-03-27 09:25:50.262,2026-03-27 09:25:50.262,-0.000581,-0.000220,00AA,0000000000008000,8
2026-03-27 09:25:50.262,2026-03-27 09:25:50.262,-0.000581,-0.000220,00A8,0000000000000000,8
2026-03-27 09:25:50.262,2026-03-27 09:25:50.262,-0.000581,-0.000220,019E,0000000000000000,8
2026-03-27 09:25:50.312,2026-03-27 09:25:50.312,-0.000581,-0.000220,01A0,0000000000000000,8
2026-03-27 09:25:50.312,2026-03-27 09:25:50.312,-0.000581,-0.000220,00AA,0000000000008000,8
2026-03-27 09:25:50.312,2026-03-27 09:25:50.312,-0.000581,-0.000220,00A8,0000000000000000,8
2026-03-27 09:25:50.313,2026-03-27 09:25:50.313,-0.000581,-0.000220,019E,0000000000000000,8
2026-03-27 09:25:50.362,2026-03-27 09:25:50.362,-0.000581,-0.000220,01A0,0000000000000000,8
2026-03-27 09:25:50.362,2026-03-27 09:25:50.362,-0.000581,-0.000220,00AA,0000000000008000,8
2026-03-27 09:25:50.363,2026-03-27 09:25:50.363,-0.000581,-0.000220,00A8,0000000000000000,8
2026-03-27 09:25:50.363,2026-03-27 09:25:50.363,-0.000581,-0.000220,019E,0000000000000000,8
2026-03-27 09:25:50.412,2026-03-27 09:25:50.412,-0.000581,-0.000220,01A0,0000000000000000,8
2026-03-27 09:25:50.412,2026-03-27 09:25:50.412,-0.000581,-0.000220,00AA,0000000000008000,8
2026-03-27 09:25:50.413,2026-03-27 09:25:50.413,-0.000581,-0.000220,00A8,0000000000000000,8
2026-03-27 09:25:50.413,2026-03-27 09:25:50.413,-0.000581,-0.000220,019E,0000000000000000,8
2026-03-27 09:25:50.462,2026-03-27 09:25:50.462,-0.000581,-0.000220,01A0,0000000000000000,8
2026-03-27 09:25:50.462,2026-03-27 09:25:50.462,-0.000581,-0.000220,00AA,0000000000008000,8
2026-03-27 09:25:50.463,2026-03-27 09:25:50.463,-0.000581,-0.000220,00A8,0000000000000000,8
2026-03-27 09:25:50.463,2026-03-27 09:25:50.463,-0.000581,-0.000220,019E,0000000000000000,8
2026-03-27 09:25:50.512,2026-03-27 09:25:50.512,-0.000581,-0.000220,01A0,0000000000000000,8
2026-03-27 09:25:50.512,2026-03-27 09:25:50.512,-0.000581,-0.000220,00AA,0000000000008000,8
2026-03-27 09:25:50.513,2026-03-27 09:25:50.513,-0.000581,-0.000220,00A8,0000000000000000,8
2026-03-27 09:25:50.513,2026-03-27 09:25:50.513,-0.000581,-0.000220,019E,0000000000000000,8
2026-03-27 09:25:50.562,2026-03-27 09:25:50.562,-0.000581,-0.000220,01A0,0000000000000000,8
2026-03-27 09:25:50.563,2026-03-27 09:25:50.563,-0.000581,-0.000220,00AA,0000102764199000,8
2026-03-27 09:25:50.563,2026-03-27 09:25:50.563,-0.000581,-0.000220,00A8,0000000000000000,8
2026-03-27 09:25:50.563,2026-03-27 09:25:50.563,-0.000581,-0.000220,019E,0000000000000000,8
2026-03-27 09:25:50.613,2026-03-27 09:25:50.613,-0.000581,-0.000220,01A0,0000000000000000,8
2026-03-27 09:25:50.613,2026-03-27 09:25:50.613,-0.000581,-0.000220,00AA,0000102764199000,8
2026-03-27 09:25:50.613,2026-03-27 09:25:50.613,-0.000581,-0.000220,00A8,0000000000000000,8
2026-03-27 09:25:50.613,2026-03-27 09:25:50.613,-0.000581,-0.000220,019E,0000000000000000,8
2026-03-27 09:25:50.663,2026-03-27 09:25:50.663,-0.000581,-0.000220,01A0,0000000000000000,8
2026-03-27 09:25:50.663,2026-03-27 09:25:50.663,-0.000581,-0.000220,00AA,0000102764199000,8
2026-03-27 09:25:50.663,2026-03-27 09:25:50.663,-0.000581,-0.000220,00A8,0000000000000000,8
2026-03-27 09:25:50.663,2026-03-27 09:25:50.663,-0.000581,-0.000220,019E,0000000000000000,8
2026-03-27 09:25:50.713,2026-03-27 09:25:50.713,-0.000581,-0.000220,00AA,0000102764199000,8
2026-03-27 09:25:50.713,2026-03-27 09:25:50.713,-0.000581,-0.000220,00A8,0000000000000000,8
2026-03-27 09:25:50.714,2026-03-27 09:25:50.714,-0.000581,-0.000220,019E,0000000000000000,8
2026-03-27 09:25:50.763,2026-03-27 09:25:50.763,-0.000581,-0.000220,01A0,0000000000000000,8
2026-03-27 09:25:50.763,2026-03-27 09:25:50.763,-0.000581,-0.000220,00AA,0000102764199000,8
2026-03-27 09:25:50.763,2026-03-27 09:25:50.763,-0.000581,-0.000220,00A8,0000000000000000,8
2026-03-27 09:25:50.763,2026-03-27 09:25:50.763,-0.000581,-0.000220,019E,0000000000000000,8
2026-03-27 09:25:50.813,2026-03-27 09:25:50.813,-0.000581,-0.000220,01A0,0000000000000000,8
2026-03-27 09:25:50.813,2026-03-27 09:25:50.813,-0.000581,-0.000220,00AA,0000102764199000,8
2026-03-27 09:25:50.813,2026-03-27 09:25:50.813,-0.000581,-0.000220,00A8,0000000000000000,8
2026-03-27 09:25:50.813,2026-03-27 09:25:50.813,-0.000581,-0.000220,019E,0000000000000000,8
2026-03-27 09:25:50.863,2026-03-27 09:25:50.863,-0.000581,-0.000220,01A0,0000000000000000,8
2026-03-27 09:25:50.863,2026-03-27 09:25:50.863,-0.000581,-0.000220,00AA,0000102764199000,8
2026-03-27 09:25:50.863,2026-03-27 09:25:50.863,-0.000581,-0.000220,00A8,0000000000000000,8
2026-03-27 09:25:50.863,2026-03-27 09:25:50.863,-0.000581,-0.000220,019E,0000000000000000,8
2026-03-27 09:25:50.913,2026-03-27 09:25:50.913,-0.000581,-0.000220,00AA,0000102764199000,8
2026-03-27 09:25:50.913,2026-03-27 09:25:50.913,-0.000581,-0.000220,00A8,0000000000000000,8
2026-03-27 09:25:50.913,2026-03-27 09:25:50.913,-0.000581,-0.000220,019E,0000000000000000,8
2026-03-27 09:25:50.963,2026-03-27 09:25:50.963,-0.000581,-0.000220,01A0,0000000000000000,8
2026-03-27 09:25:50.963,2026-03-27 09:25:50.963,-0.000581,-0.000220,00AA,0000102764199000,8
2026-03-27 09:25:50.963,2026-03-27 09:25:50.963,-0.000581,-0.000220,00A8,0000000000000000,8
2026-03-27 09:25:50.963,2026-03-27 09:25:50.963,-0.000581,-0.000220,019E,0000000000000000,8
2026-03-27 09:25:51.013,2026-03-27 09:25:51.013,-0.000581,-0.000220,01A0,0000000000000000,8
2026-03-27 09:25:51.014,2026-03-27 09:25:51.014,-0.000581,-0.000220,00AA,0000102764199000,8
2026-03-27 09:25:51.014,2026-03-27 09:25:51.014,-0.000581,-0.000220,00A8,0000000000000000,8
2026-03-27 09:25:51.014,2026-03-27 09:25:51.014,-0.000581,-0.000220,019E,0000000000000000,8
2026-03-27 09:25:51.064,2026-03-27 09:25:51.064,-0.000581,-0.000220,01A0,0000000000000000,8
2026-03-27 09:25:51.064,2026-03-27 09:25:51.064,-0.000581,-0.000220,00AA,0000102764199000,8
2026-03-27 09:25:51.064,2026-03-27 09:25:51.064,-0.000581,-0.000220,00A8,0000000000000000,8
2026-03-27 09:25:51.064,2026-03-27 09:25:51.064,-0.000581,-0.000220,019E,0000000000000000,8
2026-03-27 09:25:51.113,2026-03-27 09:25:51.113,-0.000581,-0.000220,01A0,0000000000000000,8
2026-03-27 09:25:51.114,2026-03-27 09:25:51.114,-0.000581,-0.000220,00AA,0000102764199000,8
2026-03-27 09:25:51.114,2026-03-27 09:25:51.114,-0.000581,-0.000220,00A8,0000000000000000,8
2026-03-27 09:25:51.114,2026-03-27 09:25:51.114,-0.000581,-0.000220,019E,0000000000000000,8
2026-03-27 09:25:51.164,2026-03-27 09:25:51.164,-0.000581,-0.000220,00AA,0000102764199000,8
2026-03-27 09:25:51.164,2026-03-27 09:25:51.164,-0.000581,-0.000220,00A8,0000000000000000,8
2026-03-27 09:25:51.164,2026-03-27 09:25:51.164,-0.000581,-0.000220,019E,0000000000000000,8
2026-03-27 09:25:51.215,2026-03-27 09:25:51.215,-0.000581,-0.000220,01A0,0000000000000000,8
2026-03-27 09:25:51.215,2026-03-27 09:25:51.215,-0.000581,-0.000220,00AA,0000102764199000,8
2026-03-27 09:25:51.215,2026-03-27 09:25:51.215,-0.000581,-0.000220,00A8,0000000000000000,8
2026-03-27 09:25:51.215,2026-03-27 09:25:51.215,-0.000581,-0.000220,019E,0000000000000000,8
2026-03-27 09:25:51.264,2026-03-27 09:25:51.264,-0.000581,-0.000220,01A0,0000000000000000,8
2026-03-27 09:25:51.264,2026-03-27 09:25:51.264,-0.000581,-0.000220,00AA,0000102764199000,8
2026-03-27 09:25:51.264,2026-03-27 09:25:51.264,-0.000581,-0.000220,00A8,0000000000000000,8
2026-03-27 09:25:51.264,2026-03-27 09:25:51.264,-0.000581,-0.000220,019E,0000000000000000,8
2026-03-27 09:25:51.314,2026-03-27 09:25:51.314,-0.000581,-0.000220,00AA,0000102764199000,8
2026-03-27 09:25:51.314,2026-03-27 09:25:51.314,-0.000581,-0.000220,00A8,0000000000000000,8
2026-03-27 09:25:51.314,2026-03-27 09:25:51.314,-0.000581,-0.000220,019E,0000000000000000,8
2026-03-27 09:25:51.364,2026-03-27 09:25:51.364,-0.000581,-0.000220,01A0,0000000000000000,8
2026-03-27 09:25:51.364,2026-03-27 09:25:51.364,-0.000581,-0.000220,00AA,0000102764199000,8
2026-03-27 09:25:51.365,2026-03-27 09:25:51.365,-0.000581,-0.000220,00A8,0000000000000000,8
2026-03-27 09:25:51.365,2026-03-27 09:25:51.365,-0.000581,-0.000220,019E,0000000000000000,8
2026-03-27 09:25:51.414,2026-03-27 09:25:51.414,-0.000581,-0.000220,01A0,0000000000000000,8
2026-03-27 09:25:51.414,2026-03-27 09:25:51.414,-0.000581,-0.000220,00AA,0000102764199000,8
2026-03-27 09:25:51.415,2026-03-27 09:25:51.415,-0.000581,-0.000220,00A8,0000000000000000,8
2026-03-27 09:25:51.415,2026-03-27 09:25:51.415,-0.000581,-0.000220,019E,0000000000000000,8
2026-03-27 09:25:51.465,2026-03-27 09:25:51.465,-0.000581,-0.000220,00AA,0000102764199000,8
2026-03-27 09:25:51.465,2026-03-27 09:25:51.465,-0.000581,-0.000220,00A8,0000000000000000,8
2026-03-27 09:25:51.465,2026-03-27 09:25:51.465,-0.000581,-0.000220,019E,0000000000000000,8
2026-03-27 09:25:51.515,2026-03-27 09:25:51.515,-0.000581,-0.000220,01A0,0000000000000000,8
2026-03-27 09:25:51.515,2026-03-27 09:25:51.515,-0.000581,-0.000220,00AA,0000102764199000,8
2026-03-27 09:25:51.515,2026-03-27 09:25:51.515,-0.000581,-0.000220,00A8,0000000000000000,8
2026-03-27 09:25:51.516,2026-03-27 09:25:51.516,-0.000581,-0.000220,019E,0000000000000000,8
2026-03-27 09:25:51.565,2026-03-27 09:25:51.565,-0.000581,-0.000220,00AA,0000102764199000,8
2026-03-27 09:25:51.566,2026-03-27 09:25:51.566,-0.000581,-0.000220,00A8,0000000000000000,8
2026-03-27 09:25:51.566,2026-03-27 09:25:51.566,-0.000581,-0.000220,019E,0000000000000000,8
2026-03-27 09:25:51.616,2026-03-27 09:25:51.616,-0.000581,-0.000220,01A0,0000000000000000,8
2026-03-27 09:25:51.616,2026-03-27 09:25:51.616,-0.000581,-0.000220,00AA,0000102764199000,8
2026-03-27 09:25:51.616,2026-03-27 09:25:51.616,-0.000581,-0.000220,00A8,0000000000000000,8
2026-03-27 09:25:51.616,2026-03-27 09:25:51.616,-0.000581,-0.000220,019E,0000000000000000,8
2026-03-27 09:25:51.666,2026-03-27 09:25:51.666,-0.000581,-0.000220,00AA,0000102764199000,8
2026-03-27 09:25:51.667,2026-03-27 09:25:51.667,-0.000581,-0.000220,00A8,0000000000000000,8
2026-03-27 09:25:51.667,2026-03-27 09:25:51.667,-0.000581,-0.000220,019E,0000000000000000,8
2026-03-27 09:25:51.716,2026-03-27 09:25:51.716,-0.000581,-0.000220,01A0,0000000000000000,8
2026-03-27 09:25:51.716,2026-03-27 09:25:51.716,-0.000581,-0.000220,00AA,0000102764199000,8
2026-03-27 09:25:51.716,2026-03-27 09:25:51.716,-0.000581,-0.000220,00A8,0000000000000000,8
2026-03-27 09:25:51.716,2026-03-27 09:25:51.716,-0.000581,-0.000220,019E,0000000000000000,8
2026-03-27 09:25:51.767,2026-03-27 09:25:51.767,-0.000581,-0.000220,00AA,0000102764199000,8
2026-03-27 09:25:51.767,2026-03-27 09:25:51.767,-0.000581,-0.000220,00A8,0000000000000000,8
2026-03-27 09:25:51.767,2026-03-27 09:25:51.767,-0.000581,-0.000220,019E,0000000000000000,8
2026-03-27 09:25:51.816,2026-03-27 09:25:51.816,-0.000580,-0.000220,00AA,0000102764199000,8
2026-03-27 09:25:51.817,2026-03-27 09:25:51.817,-0.000580,-0.000220,00A8,0000000000000000,8
2026-03-27 09:25:51.817,2026-03-27 09:25:51.817,-0.000580,-0.000220,019E,0000000000000000,8
2026-03-27 09:25:51.866,2026-03-27 09:25:51.866,-0.000580,-0.000220,01A0,361000C000000000,8
2026-03-27 09:25:51.867,2026-03-27 09:25:51.867,-0.000580,-0.000220,00AA,0000102764199000,8
2026-03-27 09:25:51.867,2026-03-27 09:25:51.867,-0.000580,-0.000220,00A8,0000000000000000,8
2026-03-27 09:25:51.867,2026-03-27 09:25:51.867,-0.000580,-0.000220,019E,0000000000000000,8
2026-03-27 09:25:51.917,2026-03-27 09:25:51.917,-0.000579,-0.000220,01A0,4410008000000000,8
2026-03-27 09:25:51.917,2026-03-27 09:25:51.917,-0.000579,-0.000220,00AA,0000102764199000,8
2026-03-27 09:25:51.917,2026-03-27 09:25:51.917,-0.000579,-0.000220,00A8,0000000000000000,8
2026-03-27 09:25:51.917,2026-03-27 09:25:51.917,-0.000579,-0.000220,019E,0000000000000000,8
2026-03-27 09:25:51.967,2026-03-27 09:25:51.967,-0.000578,-0.000220,00AA,0000102764199000,8
2026-03-27 09:25:51.967,2026-03-27 09:25:51.967,-0.000578,-0.000220,00A8,0000000000000000,8
2026-03-27 09:25:51.968,2026-03-27 09:25:51.968,-0.000578,-0.000220,019E,0000000000000000,8
2026-03-27 09:25:52.016,2026-03-27 09:25:52.016,-0.000577,-0.000220,01A0,5A10006000000000,8
2026-03-27 09:25:52.016,2026-03-27 09:25:52.016,-0.000577,-0.000220,00AA,0000102764199000,8
2026-03-27 09:25:52.016,2026-03-27 09:25:52.016,-0.000577,-0.000220,00A8,0000000000000000,8
2026-03-27 09:25:52.016,2026-03-27 09:25:52.016,-0.000577,-0.000220,019E,0000000000000000,8
2026-03-27 09:25:52.067,2026-03-27 09:25:52.067,-0.000576,-0.000220,00AA,0000102764199000,8
2026-03-27 09:25:52.068,2026-03-27 09:25:52.068,-0.000576,-0.000220,00A8,0000000000000000,8
2026-03-27 09:25:52.068,2026-03-27 09:25:52.068,-0.000576,-0.000220,019E,0000000000000000,8
2026-03-27 09:25:52.117,2026-03-27 09:25:52.117,-0.000574,-0.000220,01A0,6C10005000000000,8
2026-03-27 09:25:52.117,2026-03-27 09:25:52.117,-0.000574,-0.000220,00AA,0000102764199000,8
2026-03-27 09:25:52.117,2026-03-27 09:25:52.117,-0.000574,-0.000220,00A8,0000000000000000,8
2026-03-27 09:25:52.117,2026-03-27 09:25:52.117,-0.000574,-0.000220,019E,0000000000000000,8
2026-03-27 09:25:52.167,2026-03-27 09:25:52.167,-0.000573,-0.000220,00AA,0000102764199000,8
2026-03-27 09:25:52.167,2026-03-27 09:25:52.167,-0.000573,-0.000220,00A8,0000000000000000,8
2026-03-27 09:25:52.167,2026-03-27 09:25:52.167,-0.000573,-0.000220,019E,0000000000000000,8
2026-03-27 09:25:52.217,2026-03-27 09:25:52.217,-0.000571,-0.000220,01A0,7B10004000000000,8
2026-03-27 09:25:52.217,2026-03-27 09:25:52.217,-0.000571,-0.000220,00AA,0000102764199000,8
2026-03-27 09:25:52.218,2026-03-27 09:25:52.218,-0.000571,-0.000220,00A8,0000000000000000,8
2026-03-27 09:25:52.218,2026-03-27 09:25:52.218,-0.000571,-0.000220,019E,0000000000000000,8
2026-03-27 09:25:52.268,2026-03-27 09:25:52.268,-0.000570,-0.000220,00AA,0000102764199000,8
2026-03-27 09:25:52.268,2026-03-27 09:25:52.268,-0.000570,-0.000220,00A8,0000000000000000,8
2026-03-27 09:25:52.268,2026-03-27 09:25:52.268,-0.000570,-0.000220,019E,0000000000000000,8
2026-03-27 09:25:52.318,2026-03-27 09:25:52.318,-0.000568,-0.000220,01A0,8A10004000000000,8
2026-03-27 09:25:52.318,2026-03-27 09:25:52.318,-0.000568,-0.000220,00AA,0000102764199000,8
2026-03-27 09:25:52.318,2026-03-27 09:25:52.318,-0.000568,-0.000220,00A8,0000000000000000,8
2026-03-27 09:25:52.319,2026-03-27 09:25:52.319,-0.000568,-0.000220,019E,0000000000000000,8
2026-03-27 09:25:52.368,2026-03-27 09:25:52.368,-0.000566,-0.000220,00AA,0000102764199000,8
2026-03-27 09:25:52.369,2026-03-27 09:25:52.369,-0.000566,-0.000220,00A8,0000000000000000,8
2026-03-27 09:25:52.369,2026-03-27 09:25:52.369,-0.000566,-0.000220,019E,0000000000000000,8
2026-03-27 09:25:52.419,2026-03-27 09:25:52.419,-0.000564,-0.000220,01A0,9910004000000000,8
2026-03-27 09:25:52.419,2026-03-27 09:25:52.419,-0.000564,-0.000220,00AA,0000102764199000,8
2026-03-27 09:25:52.419,2026-03-27 09:25:52.419,-0.000564,-0.000220,00A8,0000000000000000,8
2026-03-27 09:25:52.419,2026-03-27 09:25:52.419,-0.000564,-0.000220,019E,0000000000000000,8
2026-03-27 09:25:52.469,2026-03-27 09:25:52.469,-0.000562,-0.000220,00AA,0000102764199000,8
2026-03-27 09:25:52.469,2026-03-27 09:25:52.469,-0.000562,-0.000220,00A8,0000000000000000,8
2026-03-27 09:25:52.469,2026-03-27 09:25:52.469,-0.000562,-0.000220,019E,0000000000000000,8
2026-03-27 09:25:52.518,2026-03-27 09:25:52.518,-0.000560,-0.000220,00AA,0000102764199000,8
2026-03-27 09:25:52.519,2026-03-27 09:25:52.519,-0.000560,-0.000220,00A8,0000000000000000,8
2026-03-27 09:25:52.519,2026-03-27 09:25:52.519,-0.000560,-0.000220,019E,0000000000000000,8
2026-03-27 09:25:52.569,2026-03-27 09:25:52.569,-0.000558,-0.000220,00AA,0000102764199000,8
2026-03-27 09:25:52.569,2026-03-27 09:25:52.569,-0.000558,-0.000220,00A8,0000000000000000,8
2026-03-27 09:25:52.569,2026-03-27 09:25:52.569,-0.000558,-0.000220,019E,0000000000000000,8
2026-03-27 09:25:52.618,2026-03-27 09:25:52.618,-0.000556,-0.000220,00AA,0000102764199000,8
2026-03-27 09:25:52.619,2026-03-27 09:25:52.619,-0.000556,-0.000220,00A8,0000000000000000,8
2026-03-27 09:25:52.619,2026-03-27 09:25:52.619,-0.000556,-0.000220,019E,0000000000000000,8
2026-03-27 09:25:52.668,2026-03-27 09:25:52.668,-0.000553,-0.000220,01A0,B710001000000000,8
2026-03-27 09:25:52.669,2026-03-27 09:25:52.669,-0.000553,-0.000220,00AA,0000102764199000,8
2026-03-27 09:25:52.669,2026-03-27 09:25:52.669,-0.000553,-0.000220,00A8,0000000000000000,8
2026-03-27 09:25:52.669,2026-03-27 09:25:52.669,-0.000553,-0.000220,019E,0000000000000000,8
2026-03-27 09:25:52.718,2026-03-27 09:25:52.718,-0.000551,-0.000220,00AA,0000102764199000,8
2026-03-27 09:25:52.719,2026-03-27 09:25:52.719,-0.000551,-0.000220,00A8,0000000000000000,8
2026-03-27 09:25:52.719,2026-03-27 09:25:52.719,-0.000551,-0.000220,019E,0000000000000000,8
2026-03-27 09:25:52.769,2026-03-27 09:25:52.769,-0.000549,-0.000220,00AA,0000102764199000,8
2026-03-27 09:25:52.769,2026-03-27 09:25:52.769,-0.000549,-0.000220,00A8,0000000000000000,8
2026-03-27 09:25:52.769,2026-03-27 09:25:52.769,-0.000549,-0.000220,019E,0000000000000000,8
2026-03-27 09:25:52.818,2026-03-27 09:25:52.818,-0.000546,-0.000220,00AA,0000102764199000,8
2026-03-27 09:25:52.818,2026-03-27 09:25:52.818,-0.000546,-0.000220,00A8,0000000000000000,8
2026-03-27 09:25:52.819,2026-03-27 09:25:52.819,-0.000546,-0.000220,019E,0000000000000000,8
2026-03-27 09:25:52.869,2026-03-27 09:25:52.869,-0.000544,-0.000220,00AA,0000102764199000,8
2026-03-27 09:25:52.869,2026-03-27 09:25:52.869,-0.000544,-0.000220,00A8,0000000000000000,8
2026-03-27 09:25:52.869,2026-03-27 09:25:52.869,-0.000544,-0.000220,019E,0000000000000000,8
2026-03-27 09:25:52.919,2026-03-27 09:25:52.919,-0.000541,-0.000220,00AA,0000102764199000,8
2026-03-27 09:25:52.919,2026-03-27 09:25:52.919,-0.000541,-0.000220,00A8,0000000000000000,8
2026-03-27 09:25:52.919,2026-03-27 09:25:52.919,-0.000541,-0.000220,019E,0000000000000000,8
2026-03-27 09:25:52.969,2026-03-27 09:25:52.969,-0.000538,-0.000220,01A0,D410004000000000,8
2026-03-27 09:25:52.969,2026-03-27 09:25:52.969,-0.000538,-0.000220,00AA,0000102764199000,8
2026-03-27 09:25:52.970,2026-03-27 09:25:52.970,-0.000538,-0.000220,00A8,0000000000000000,8
2026-03-27 09:25:52.970,2026-03-27 09:25:52.970,-0.000538,-0.000220,019E,0000000000000000,8
2026-03-27 09:25:53.018,2026-03-27 09:25:53.018,-0.000535,-0.000220,00AA,0000102764199000,8
2026-03-27 09:25:53.019,2026-03-27 09:25:53.019,-0.000535,-0.000220,00A8,0000000000000000,8
2026-03-27 09:25:53.019,2026-03-27 09:25:53.019,-0.000535,-0.000220,019E,0000000000000000,8
2026-03-27 09:25:53.068,2026-03-27 09:25:53.068,-0.000532,-0.000220,00AA,0000102764199000,8
2026-03-27 09:25:53.069,2026-03-27 09:25:53.069,-0.000532,-0.000220,00A8,0000000000000000,8
2026-03-27 09:25:53.069,2026-03-27 09:25:53.069,-0.000532,-0.000220,019E,0000000000000000,8
2026-03-27 09:25:53.119,2026-03-27 09:25:53.119,-0.000530,-0.000220,01A0,EC10005000000000,8
2026-03-27 09:25:53.120,2026-03-27 09:25:53.120,-0.000530,-0.000220,00AA,0000102764199000,8
2026-03-27 09:25:53.120,2026-03-27 09:25:53.120,-0.000530,-0.000220,00A8,0000000000000000,8
2026-03-27 09:25:53.120,2026-03-27 09:25:53.120,-0.000530,-0.000220,019E,0000000000000000,8
2026-03-27 09:25:53.169,2026-03-27 09:25:53.169,-0.000526,-0.000220,01A0,F310004000000000,8
2026-03-27 09:25:53.169,2026-03-27 09:25:53.169,-0.000526,-0.000220,00AA,0000102764199000,8
2026-03-27 09:25:53.169,2026-03-27 09:25:53.169,-0.000526,-0.000220,00A8,0000000000000000,8
2026-03-27 09:25:53.169,2026-03-27 09:25:53.169,-0.000526,-0.000220,019E,0000000000000000,8
2026-03-27 09:25:53.219,2026-03-27 09:25:53.219,-0.000523,-0.000220,00AA,0000102764199000,8
2026-03-27 09:25:53.219,2026-03-27 09:25:53.219,-0.000523,-0.000220,00A8,0000000000000000,8
2026-03-27 09:25:53.219,2026-03-27 09:25:53.219,-0.000523,-0.000220,019E,0000000000000000,8
2026-03-27 09:25:53.269,2026-03-27 09:25:53.269,-0.000520,-0.000220,00AA,0000102764199000,8
2026-03-27 09:25:53.270,2026-03-27 09:25:53.270,-0.000520,-0.000220,00A8,0000000000000000,8
2026-03-27 09:25:53.270,2026-03-27 09:25:53.270,-0.000520,-0.000220,019E,0000000000000000,8
2026-03-27 09:25:53.319,2026-03-27 09:25:53.319,-0.000517,-0.000220,01A0,0C11005000000000,8
2026-03-27 09:25:53.319,2026-03-27 09:25:53.319,-0.000517,-0.000220,00AA,0000102764199000,8
2026-03-27 09:25:53.319,2026-03-27 09:25:53.319,-0.000517,-0.000220,00A8,0000000000000000,8
2026-03-27 09:25:53.319,2026-03-27 09:25:53.319,-0.000517,-0.000220,019E,0000000000000000,8
2026-03-27 09:25:53.369,2026-03-27 09:25:53.369,-0.000513,-0.000220,01A0,1311004000000000,8
2026-03-27 09:25:53.369,2026-03-27 09:25:53.369,-0.000513,-0.000220,00AA,0000102764199000,8
2026-03-27 09:25:53.369,2026-03-27 09:25:53.369,-0.000513,-0.000220,00A8,0000000000000000,8
2026-03-27 09:25:53.369,2026-03-27 09:25:53.369,-0.000513,-0.000220,019E,0000000000000000,8
2026-03-27 09:25:53.419,2026-03-27 09:25:53.419,-0.000509,-0.000220,00AA,0000102764199000,8
2026-03-27 09:25:53.419,2026-03-27 09:25:53.419,-0.000509,-0.000220,00A8,0000000000000000,8
2026-03-27 09:25:53.420,2026-03-27 09:25:53.420,-0.000509,-0.000220,019E,0000000000000000,8
2026-03-27 09:25:53.470,2026-03-27 09:25:53.470,-0.000506,-0.000220,00AA,0000102764199000,8
2026-03-27 09:25:53.470,2026-03-27 09:25:53.470,-0.000506,-0.000220,00A8,0000000000000000,8
2026-03-27 09:25:53.470,2026-03-27 09:25:53.470,-0.000506,-0.000220,019E,0000000000000000,8
2026-03-27 09:25:53.519,2026-03-27 09:25:53.519,-0.000502,-0.000220,01A0,2C11005000000000,8
2026-03-27 09:25:53.519,2026-03-27 09:25:53.519,-0.000502,-0.000220,00AA,0000102764199000,8
2026-03-27 09:25:53.519,2026-03-27 09:25:53.519,-0.000502,-0.000220,00A8,0000000000000000,8
2026-03-27 09:25:53.519,2026-03-27 09:25:53.519,-0.000502,-0.000220,019E,0000000000000000,8
2026-03-27 09:25:53.569,2026-03-27 09:25:53.569,-0.000498,-0.000220,00AA,0000102764199000,8
2026-03-27 09:25:53.569,2026-03-27 09:25:53.569,-0.000498,-0.000220,00A8,0000000000000000,8
2026-03-27 09:25:53.569,2026-03-27 09:25:53.569,-0.000498,-0.000220,019E,0000000000000000,8
2026-03-27 09:25:53.619,2026-03-27 09:25:53.619,-0.000494,-0.000220,00AA,0000102764199000,8
2026-03-27 09:25:53.619,2026-03-27 09:25:53.619,-0.000494,-0.000220,00A8,0000000000000000,8
2026-03-27 09:25:53.619,2026-03-27 09:25:53.619,-0.000494,-0.000220,019E,0000000000000000,8
2026-03-27 09:25:53.668,2026-03-27 09:25:53.668,-0.000490,-0.000220,00AA,0000102764199000,8
2026-03-27 09:25:53.669,2026-03-27 09:25:53.669,-0.000490,-0.000220,00A8,0000000000000000,8
2026-03-27 09:25:53.669,2026-03-27 09:25:53.669,-0.000490,-0.000220,019E,0000000000000000,8
2026-03-27 09:25:53.719,2026-03-27 09:25:53.719,-0.000486,-0.000220,00AA,0000102764199000,8
2026-03-27 09:25:53.719,2026-03-27 09:25:53.719,-0.000486,-0.000220,00A8,0000000000000000,8
2026-03-27 09:25:53.719,2026-03-27 09:25:53.719,-0.000486,-0.000220,019E,0000000000000000,8
2026-03-27 09:25:53.769,2026-03-27 09:25:53.769,-0.000481,-0.000220,00AA,0000102764199000,8
2026-03-27 09:25:53.769,2026-03-27 09:25:53.769,-0.000481,-0.000220,00A8,0000000000000000,8
2026-03-27 09:25:53.769,2026-03-27 09:25:53.769,-0.000481,-0.000220,019E,0000000000000000,8
2026-03-27 09:25:53.818,2026-03-27 09:25:53.818,-0.000477,-0.000220,00AA,0000102764199000,8
2026-03-27 09:25:53.819,2026-03-27 09:25:53.819,-0.000477,-0.000220,00A8,0000000000000000,8
2026-03-27 09:25:53.819,2026-03-27 09:25:53.819,-0.000477,-0.000220,019E,0000000000000000,8
2026-03-27 09:25:53.869,2026-03-27 09:25:53.869,-0.000472,-0.000220,00AA,0000102764199000,8
2026-03-27 09:25:53.869,2026-03-27 09:25:53.869,-0.000472,-0.000220,00A8,0000000000000000,8
2026-03-27 09:25:53.869,2026-03-27 09:25:53.869,-0.000472,-0.000220,019E,0000000000000000,8
2026-03-27 09:25:53.919,2026-03-27 09:25:53.919,-0.000468,-0.000220,00AA,0000102764199000,8
2026-03-27 09:25:53.919,2026-03-27 09:25:53.919,-0.000468,-0.000220,00A8,0000000000000000,8
2026-03-27 09:25:53.920,2026-03-27 09:25:53.920,-0.000468,-0.000220,019E,0000000000000000,8
2026-03-27 09:25:53.969,2026-03-27 09:25:53.969,-0.000463,-0.000220,00AA,0000102764199000,8
2026-03-27 09:25:53.970,2026-03-27 09:25:53.970,-0.000463,-0.000220,00A8,0000000000000000,8
2026-03-27 09:25:53.970,2026-03-27 09:25:53.970,-0.000463,-0.000220,019E,0000000000000000,8
2026-03-27 09:25:54.020,2026-03-27 09:25:54.020,-0.000458,-0.000220,00AA,0000102764199000,8
2026-03-27 09:25:54.020,2026-03-27 09:25:54.020,-0.000458,-0.000220,00A8,0000000000000000,8
2026-03-27 09:25:54.020,2026-03-27 09:25:54.020,-0.000458,-0.000220,019E,0000000000000000,8
2026-03-27 09:25:54.068,2026-03-27 09:25:54.068,-0.000453,-0.000220,00AA,0000102764199000,8
2026-03-27 09:25:54.069,2026-03-27 09:25:54.069,-0.000453,-0.000220,00A8,0000000000000000,8
2026-03-27 09:25:54.069,2026-03-27 09:25:54.069,-0.000453,-0.000220,019E,0000000000000000,8
2026-03-27 09:25:54.118,2026-03-27 09:25:54.118,-0.000448,-0.000220,00AA,0000102764199000,8
2026-03-27 09:25:54.119,2026-03-27 09:25:54.119,-0.000448,-0.000220,00A8,0000000000000000,8
2026-03-27 09:25:54.119,2026-03-27 09:25:54.119,-0.000448,-0.000220,019E,0000000000000000,8
2026-03-27 09:25:54.169,2026-03-27 09:25:54.169,-0.000443,-0.000220,00AA,0000102764199000,8
2026-03-27 09:25:54.169,2026-03-27 09:25:54.169,-0.000443,-0.000220,00A8,0000000000000000,8
2026-03-27 09:25:54.169,2026-03-27 09:25:54.169,-0.000443,-0.000220,019E,0000000000000000,8
2026-03-27 09:25:54.219,2026-03-27 09:25:54.219,-0.000438,-0.000220,00AA,0000102764199000,8
2026-03-27 09:25:54.220,2026-03-27 09:25:54.220,-0.000438,-0.000220,00A8,0000000000000000,8
2026-03-27 09:25:54.220,2026-03-27 09:25:54.220,-0.000438,-0.000220,019E,0000000000000000,8
2026-03-27 09:25:54.269,2026-03-27 09:25:54.269,-0.000432,-0.000220,00AA,0000102764199000,8
2026-03-27 09:25:54.269,2026-03-27 09:25:54.269,-0.000432,-0.000220,00A8,0000000000000000,8
2026-03-27 09:25:54.269,2026-03-27 09:25:54.269,-0.000432,-0.000220,019E,0000000000000000,8
2026-03-27 09:25:54.320,2026-03-27 09:25:54.320,-0.000427,-0.000220,00AA,0000102764199000,8
2026-03-27 09:25:54.320,2026-03-27 09:25:54.320,-0.000427,-0.000220,00A8,0000000000000000,8
2026-03-27 09:25:54.320,2026-03-27 09:25:54.320,-0.000427,-0.000220,019E,0000000000000000,8
2026-03-27 09:25:54.369,2026-03-27 09:25:54.369,-0.000422,-0.000220,00AA,0000102764199000,8
2026-03-27 09:25:54.369,2026-03-27 09:25:54.369,-0.000422,-0.000220,00A8,0000000000000000,8
2026-03-27 09:25:54.369,2026-03-27 09:25:54.369,-0.000422,-0.000220,019E,0000000000000000,8
2026-03-27 09:25:54.419,2026-03-27 09:25:54.419,-0.000416,-0.000220,00AA,0000102764199000,8
2026-03-27 09:25:54.420,2026-03-27 09:25:54.420,-0.000416,-0.000220,00A8,0000000000000000,8
2026-03-27 09:25:54.420,2026-03-27 09:25:54.420,-0.000416,-0.000220,019E,0000000000000000,8
2026-03-27 09:25:54.469,2026-03-27 09:25:54.469,-0.000410,-0.000220,00AA,0000102764199000,8
2026-03-27 09:25:54.469,2026-03-27 09:25:54.469,-0.000410,-0.000220,00A8,0000000000000000,8
2026-03-27 09:25:54.470,2026-03-27 09:25:54.470,-0.000410,-0.000220,019E,0000000000000000,8
2026-03-27 09:25:54.520,2026-03-27 09:25:54.520,-0.000405,-0.000220,00AA,0000102764199000,8
2026-03-27 09:25:54.520,2026-03-27 09:25:54.520,-0.000405,-0.000220,00A8,0000000000000000,8
2026-03-27 09:25:54.520,2026-03-27 09:25:54.520,-0.000405,-0.000220,019E,0000000000000000,8
2026-03-27 09:25:54.569,2026-03-27 09:25:54.569,-0.000399,-0.000220,00AA,0000102764199000,8
2026-03-27 09:25:54.569,2026-03-27 09:25:54.569,-0.000399,-0.000220,00A8,0000000000000000,8
2026-03-27 09:25:54.569,2026-03-27 09:25:54.569,-0.000399,-0.000220,019E,0000000000000000,8
2026-03-27 09:25:54.620,2026-03-27 09:25:54.620,-0.000393,-0.000220,00AA,0000102764199000,8
2026-03-27 09:25:54.620,2026-03-27 09:25:54.620,-0.000393,-0.000220,00A8,0000000000000000,8
2026-03-27 09:25:54.620,2026-03-27 09:25:54.620,-0.000393,-0.000220,019E,0000000000000000,8
2026-03-27 09:25:54.669,2026-03-27 09:25:54.669,-0.000387,-0.000220,00AA,0000102764199000,8
2026-03-27 09:25:54.669,2026-03-27 09:25:54.669,-0.000387,-0.000220,00A8,0000000000000000,8
2026-03-27 09:25:54.669,2026-03-27 09:25:54.669,-0.000387,-0.000220,019E,0000000000000000,8
2026-03-27 09:25:54.720,2026-03-27 09:25:54.720,-0.000380,-0.000220,00AA,0000102764199000,8
2026-03-27 09:25:54.720,2026-03-27 09:25:54.720,-0.000380,-0.000220,00A8,0000000000000000,8
2026-03-27 09:25:54.720,2026-03-27 09:25:54.720,-0.000380,-0.000220,019E,0000000000000000,8
2026-03-27 09:25:54.769,2026-03-27 09:25:54.769,-0.000374,-0.000220,00AA,0000102764199000,8
2026-03-27 09:25:54.769,2026-03-27 09:25:54.769,-0.000374,-0.000220,00A8,0000000000000000,8
2026-03-27 09:25:54.769,2026-03-27 09:25:54.769,-0.000374,-0.000220,019E,0000000000000000,8
2026-03-27 09:25:54.819,2026-03-27 09:25:54.819,-0.000368,-0.000220,00AA,0000102764199000,8
2026-03-27 09:25:54.820,2026-03-27 09:25:54.820,-0.000368,-0.000220,00A8,0000000000000000,8
2026-03-27 09:25:54.820,2026-03-27 09:25:54.820,-0.000368,-0.000220,019E,0000000000000000,8
2026-03-27 09:25:54.870,2026-03-27 09:25:54.870,-0.000361,-0.000220,00AA,0000102764199000,8
2026-03-27 09:25:54.870,2026-03-27 09:25:54.870,-0.000361,-0.000220,00A8,0000000000000000,8
2026-03-27 09:25:54.871,2026-03-27 09:25:54.871,-0.000361,-0.000220,019E,0000000000000000,8
2026-03-27 09:25:54.921,2026-03-27 09:25:54.921,-0.000355,-0.000220,00AA,0000102764199000,8
2026-03-27 09:25:54.921,2026-03-27 09:25:54.921,-0.000355,-0.000220,00A8,0000000000000000,8
2026-03-27 09:25:54.921,2026-03-27 09:25:54.921,-0.000355,-0.000220,019E,0000000000000000,8
2026-03-27 09:25:54.971,2026-03-27 09:25:54.971,-0.000348,-0.000220,00AA,0000102764199000,8
2026-03-27 09:25:54.971,2026-03-27 09:25:54.971,-0.000348,-0.000220,00A8,0000000000000000,8
2026-03-27 09:25:54.971,2026-03-27 09:25:54.971,-0.000348,-0.000220,019E,0000000000000000,8
2026-03-27 09:25:55.020,2026-03-27 09:25:55.020,-0.000342,-0.000220,00AA,0000102764199000,8
2026-03-27 09:25:55.020,2026-03-27 09:25:55.020,-0.000342,-0.000220,00A8,0000000000000000,8
2026-03-27 09:25:55.020,2026-03-27 09:25:55.020,-0.000342,-0.000220,019E,0000000000000000,8
2026-03-27 09:25:55.070,2026-03-27 09:25:55.070,-0.000335,-0.000220,00AA,0000102764199000,8
2026-03-27 09:25:55.070,2026-03-27 09:25:55.070,-0.000335,-0.000220,00A8,0000000000000000,8
2026-03-27 09:25:55.070,2026-03-27 09:25:55.070,-0.000335,-0.000220,019E,0000000000000000,8
2026-03-27 09:25:55.120,2026-03-27 09:25:55.120,-0.000328,-0.000220,00AA,0000102764199000,8
2026-03-27 09:25:55.120,2026-03-27 09:25:55.120,-0.000328,-0.000220,00A8,0000000000000000,8
2026-03-27 09:25:55.120,2026-03-27 09:25:55.120,-0.000328,-0.000220,019E,0000000000000000,8
2026-03-27 09:25:55.170,2026-03-27 09:25:55.170,-0.000321,-0.000220,00AA,0000102764199000,8
2026-03-27 09:25:55.170,2026-03-27 09:25:55.170,-0.000321,-0.000220,00A8,0000000000000000,8
2026-03-27 09:25:55.170,2026-03-27 09:25:55.170,-0.000321,-0.000220,019E,0000000000000000,8
2026-03-27 09:25:55.221,2026-03-27 09:25:55.221,-0.000314,-0.000220,00AA,0000102764199000,8
2026-03-27 09:25:55.221,2026-03-27 09:25:55.221,-0.000314,-0.000220,00A8,0000000000000000,8
2026-03-27 09:25:55.221,2026-03-27 09:25:55.221,-0.000314,-0.000220,019E,0000000000000000,8
2026-03-27 09:25:55.270,2026-03-27 09:25:55.270,-0.000307,-0.000220,00AA,0000102764199000,8
2026-03-27 09:25:55.270,2026-03-27 09:25:55.270,-0.000307,-0.000220,00A8,0000000000000000,8
2026-03-27 09:25:55.270,2026-03-27 09:25:55.270,-0.000307,-0.000220,019E,0000000000000000,8
2026-03-27 09:25:55.320,2026-03-27 09:25:55.320,-0.000300,-0.000220,00AA,0000102764199000,8
2026-03-27 09:25:55.320,2026-03-27 09:25:55.320,-0.000300,-0.000220,00A8,0000000000000000,8
2026-03-27 09:25:55.320,2026-03-27 09:25:55.320,-0.000300,-0.000220,019E,0000000000000000,8
2026-03-27 09:25:55.370,2026-03-27 09:25:55.370,-0.000292,-0.000220,00AA,0000102764199000,8
2026-03-27 09:25:55.370,2026-03-27 09:25:55.370,-0.000292,-0.000220,00A8,0000000000000000,8
2026-03-27 09:25:55.370,2026-03-27 09:25:55.370,-0.000292,-0.000220,019E,0000000000000000,8
2026-03-27 09:25:55.420,2026-03-27 09:25:55.420,-0.000285,-0.000220,00AA,0000102764199000,8
2026-03-27 09:25:55.420,2026-03-27 09:25:55.420,-0.000285,-0.000220,00A8,0000000000000000,8
2026-03-27 09:25:55.420,2026-03-27 09:25:55.420,-0.000285,-0.000220,019E,0000000000000000,8
2026-03-27 09:25:55.471,2026-03-27 09:25:55.471,-0.000277,-0.000220,00AA,0000102764199000,8
2026-03-27 09:25:55.471,2026-03-27 09:25:55.471,-0.000277,-0.000220,00A8,0000000000000000,8
2026-03-27 09:25:55.471,2026-03-27 09:25:55.471,-0.000277,-0.000220,019E,0000000000000000,8
2026-03-27 09:25:55.520,2026-03-27 09:25:55.520,-0.000270,-0.000221,00AA,0000102764199000,8
2026-03-27 09:25:55.521,2026-03-27 09:25:55.521,-0.000270,-0.000221,00A8,0000000000000000,8
2026-03-27 09:25:55.521,2026-03-27 09:25:55.521,-0.000270,-0.000221,019E,0000000000000000,8
2026-03-27 09:25:55.570,2026-03-27 09:25:55.570,-0.000262,-0.000221,00AA,0000102764199000,8
2026-03-27 09:25:55.570,2026-03-27 09:25:55.570,-0.000262,-0.000221,00A8,0000000000000000,8
2026-03-27 09:25:55.570,2026-03-27 09:25:55.570,-0.000262,-0.000221,019E,0000000000000000,8
2026-03-27 09:25:55.621,2026-03-27 09:25:55.621,-0.000254,-0.000221,00AA,0000102764199000,8
2026-03-27 09:25:55.621,2026-03-27 09:25:55.621,-0.000254,-0.000221,00A8,0000000000000000,8
2026-03-27 09:25:55.621,2026-03-27 09:25:55.621,-0.000254,-0.000221,019E,0000000000000000,8
2026-03-27 09:25:55.670,2026-03-27 09:25:55.670,-0.000246,-0.000221,00AA,0000102764199000,8
2026-03-27 09:25:55.670,2026-03-27 09:25:55.670,-0.000246,-0.000221,00A8,0000000000000000,8
2026-03-27 09:25:55.670,2026-03-27 09:25:55.670,-0.000246,-0.000221,019E,0000000000000000,8
2026-03-27 09:25:55.720,2026-03-27 09:25:55.720,-0.000239,-0.000221,00AA,0000102764199000,8
2026-03-27 09:25:55.720,2026-03-27 09:25:55.720,-0.000239,-0.000221,00A8,0000000000000000,8
2026-03-27 09:25:55.721,2026-03-27 09:25:55.721,-0.000239,-0.000221,019E,0000000000000000,8
2026-03-27 09:25:55.771,2026-03-27 09:25:55.771,-0.000231,-0.000221,00AA,0000102764199000,8
2026-03-27 09:25:55.771,2026-03-27 09:25:55.771,-0.000231,-0.000221,00A8,0000000000000000,8
2026-03-27 09:25:55.771,2026-03-27 09:25:55.771,-0.000231,-0.000221,019E,0000000000000000,8
2026-03-27 09:25:55.820,2026-03-27 09:25:55.820,-0.000222,-0.000221,00AA,0000102764199000,8
2026-03-27 09:25:55.821,2026-03-27 09:25:55.821,-0.000222,-0.000221,00A8,0000000000000000,8
2026-03-27 09:25:55.821,2026-03-27 09:25:55.821,-0.000222,-0.000221,019E,0000000000000000,8
2026-03-27 09:25:55.870,2026-03-27 09:25:55.870,-0.000214,-0.000221,00AA,0000102764199000,8
2026-03-27 09:25:55.870,2026-03-27 09:25:55.870,-0.000214,-0.000221,00A8,0000000000000000,8
2026-03-27 09:25:55.870,2026-03-27 09:25:55.870,-0.000214,-0.000221,019E,0000000000000000,8
2026-03-27 09:25:55.920,2026-03-27 09:25:55.920,-0.000206,-0.000221,00AA,0000102764199000,8
2026-03-27 09:25:55.920,2026-03-27 09:25:55.920,-0.000206,-0.000221,00A8,0000000000000000,8
2026-03-27 09:25:55.920,2026-03-27 09:25:55.920,-0.000206,-0.000221,019E,0000000000000000,8
2026-03-27 09:25:55.970,2026-03-27 09:25:55.970,-0.000198,-0.000221,00AA,0000102764199000,8
2026-03-27 09:25:55.970,2026-03-27 09:25:55.970,-0.000198,-0.000221,00A8,0000000000000000,8
2026-03-27 09:25:55.970,2026-03-27 09:25:55.970,-0.000198,-0.000221,019E,0000000000000000,8
2026-03-27 09:25:56.020,2026-03-27 09:25:56.020,-0.000189,-0.000221,00AA,0000102764199000,8
2026-03-27 09:25:56.021,2026-03-27 09:25:56.021,-0.000189,-0.000221,00A8,0000000000000000,8
2026-03-27 09:25:56.021,2026-03-27 09:25:56.021,-0.000189,-0.000221,019E,0000000000000000,8
2026-03-27 09:25:56.071,2026-03-27 09:25:56.071,-0.000181,-0.000221,00AA,0000102764199000,8
2026-03-27 09:25:56.071,2026-03-27 09:25:56.071,-0.000181,-0.000221,00A8,0000000000000000,8
2026-03-27 09:25:56.071,2026-03-27 09:25:56.071,-0.000181,-0.000221,019E,0000000000000000,8
2026-03-27 09:25:56.120,2026-03-27 09:25:56.120,-0.000172,-0.000221,00AA,0000102764199000,8
2026-03-27 09:25:56.121,2026-03-27 09:25:56.121,-0.000172,-0.000221,00A8,0000000000000000,8
2026-03-27 09:25:56.121,2026-03-27 09:25:56.121,-0.000172,-0.000221,019E,0000000000000000,8
2026-03-27 09:25:56.169,2026-03-27 09:25:56.169,-0.000163,-0.000221,00AA,0000102764199000,8
2026-03-27 09:25:56.170,2026-03-27 09:25:56.170,-0.000163,-0.000221,00A8,0000000000000000,8
2026-03-27 09:25:56.170,2026-03-27 09:25:56.170,-0.000163,-0.000221,019E,0000000000000000,8
2026-03-27 09:25:56.220,2026-03-27 09:25:56.220,-0.000155,-0.000221,00AA,0000102764199000,8
2026-03-27 09:25:56.220,2026-03-27 09:25:56.220,-0.000155,-0.000221,00A8,0000000000000000,8
2026-03-27 09:25:56.220,2026-03-27 09:25:56.220,-0.000155,-0.000221,019E,0000000000000000,8
2026-03-27 09:25:56.269,2026-03-27 09:25:56.269,-0.000146,-0.000221,00AA,0000102764199000,8
2026-03-27 09:25:56.270,2026-03-27 09:25:56.270,-0.000146,-0.000221,00A8,0000000000000000,8
2026-03-27 09:25:56.270,2026-03-27 09:25:56.270,-0.000146,-0.000221,019E,0000000000000000,8
2026-03-27 09:25:56.319,2026-03-27 09:25:56.319,-0.000137,-0.000221,00AA,0000102764199000,8
2026-03-27 09:25:56.320,2026-03-27 09:25:56.320,-0.000137,-0.000221,00A8,0000000000000000,8
2026-03-27 09:25:56.320,2026-03-27 09:25:56.320,-0.000137,-0.000221,019E,0000000000000000,8
2026-03-27 09:25:56.369,2026-03-27 09:25:56.369,-0.000128,-0.000221,00AA,0000102764199000,8
2026-03-27 09:25:56.370,2026-03-27 09:25:56.370,-0.000128,-0.000221,00A8,0000000000000000,8
2026-03-27 09:25:56.370,2026-03-27 09:25:56.370,-0.000128,-0.000221,019E,0000000000000000,8
2026-03-27 09:25:56.419,2026-03-27 09:25:56.419,-0.000119,-0.000221,00AA,0000102764199000,8
2026-03-27 09:25:56.420,2026-03-27 09:25:56.420,-0.000119,-0.000221,00A8,0000000000000000,8
2026-03-27 09:25:56.420,2026-03-27 09:25:56.420,-0.000119,-0.000221,019E,0000000000000000,8
2026-03-27 09:25:56.470,2026-03-27 09:25:56.470,-0.000110,-0.000221,00AA,0000102764199000,8
2026-03-27 09:25:56.470,2026-03-27 09:25:56.470,-0.000110,-0.000221,00A8,0000000000000000,8
2026-03-27 09:25:56.470,2026-03-27 09:25:56.470,-0.000110,-0.000221,019E,0000000000000000,8
2026-03-27 09:25:56.520,2026-03-27 09:25:56.520,-0.000100,-0.000221,00AA,0000102764199000,8
2026-03-27 09:25:56.520,2026-03-27 09:25:56.520,-0.000100,-0.000221,00A8,0000000000000000,8
2026-03-27 09:25:56.520,2026-03-27 09:25:56.520,-0.000100,-0.000221,019E,0000000000000000,8
2026-03-27 09:25:56.571,2026-03-27 09:25:56.571,-0.000091,-0.000221,00AA,0000102764199000,8
2026-03-27 09:25:56.572,2026-03-27 09:25:56.572,-0.000091,-0.000221,00A8,0000000000000000,8
2026-03-27 09:25:56.572,2026-03-27 09:25:56.572,-0.000091,-0.000221,019E,0000000000000000,8
2026-03-27 09:25:56.621,2026-03-27 09:25:56.621,-0.000081,-0.000221,00AA,0000102764199000,8
2026-03-27 09:25:56.622,2026-03-27 09:25:56.622,-0.000081,-0.000221,00A8,0000000000000000,8
2026-03-27 09:25:56.622,2026-03-27 09:25:56.622,-0.000081,-0.000221,019E,0000000000000000,8
2026-03-27 09:25:56.672,2026-03-27 09:25:56.672,-0.000072,-0.000221,00AA,0000102764199000,8
2026-03-27 09:25:56.673,2026-03-27 09:25:56.673,-0.000072,-0.000221,00A8,0000000000000000,8
2026-03-27 09:25:56.673,2026-03-27 09:25:56.673,-0.000072,-0.000221,019E,0000000000000000,8
2026-03-27 09:25:56.723,2026-03-27 09:25:56.723,-0.000062,-0.000221,00AA,0000102764199000,8
2026-03-27 09:25:56.724,2026-03-27 09:25:56.724,-0.000062,-0.000221,00A8,0000000000000000,8
2026-03-27 09:25:56.724,2026-03-27 09:25:56.724,-0.000062,-0.000221,019E,0000000000000000,8
2026-03-27 09:25:56.773,2026-03-27 09:25:56.773,-0.000053,-0.000221,00AA,0000102764199000,8
2026-03-27 09:25:56.773,2026-03-27 09:25:56.773,-0.000053,-0.000221,00A8,0000000000000000,8
2026-03-27 09:25:56.774,2026-03-27 09:25:56.774,-0.000053,-0.000221,019E,0000000000000000,8
2026-03-27 09:25:56.824,2026-03-27 09:25:56.824,-0.000043,-0.000221,00AA,0000102764199000,8
2026-03-27 09:25:56.824,2026-03-27 09:25:56.824,-0.000043,-0.000221,00A8,0000000000000000,8
2026-03-27 09:25:56.824,2026-03-27 09:25:56.824,-0.000043,-0.000221,019E,0000000000000000,8
2026-03-27 09:25:56.873,2026-03-27 09:25:56.873,-0.000033,-0.000221,00AA,0000102764199000,8
2026-03-27 09:25:56.874,2026-03-27 09:25:56.874,-0.000033,-0.000221,00A8,0000000000000000,8
2026-03-27 09:25:56.874,2026-03-27 09:25:56.874,-0.000033,-0.000221,019E,0000000000000000,8
2026-03-27 09:25:56.924,2026-03-27 09:25:56.924,-0.000023,-0.000221,00AA,0000102764199000,8
2026-03-27 09:25:56.924,2026-03-27 09:25:56.924,-0.000023,-0.000221,00A8,0000000000000000,8
2026-03-27 09:25:56.925,2026-03-27 09:25:56.925,-0.000023,-0.000221,019E,0000000000000000,8
2026-03-27 09:25:56.974,2026-03-27 09:25:56.974,-0.000013,-0.000221,00AA,0000102764199000,8
2026-03-27 09:25:56.974,2026-03-27 09:25:56.974,-0.000013,-0.000221,00A8,0000000000000000,8
2026-03-27 09:25:56.975,2026-03-27 09:25:56.975,-0.000013,-0.000221,019E,0000000000000000,8
2026-03-27 09:25:57.024,2026-03-27 09:25:57.024,-0.000003,-0.000221,00AA,0000102764199000,8
2026-03-27 09:25:57.024,2026-03-27 09:25:57.024,-0.000003,-0.000221,00A8,0000000000000000,8
2026-03-27 09:25:57.024,2026-03-27 09:25:57.024,-0.000003,-0.000221,019E,0000000000000000,8
2026-03-27 09:25:57.073,2026-03-27 09:25:57.073,0.000007,-0.000221,00AA,0000102764199000,8
2026-03-27 09:25:57.074,2026-03-27 09:25:57.074,0.000007,-0.000221,00A8,0000000000000000,8
2026-03-27 09:25:57.074,2026-03-27 09:25:57.074,0.000007,-0.000221,019E,0000000000000000,8
2026-03-27 09:25:57.124,2026-03-27 09:25:57.124,0.000018,-0.000221,00AA,0000102764199000,8
2026-03-27 09:25:57.124,2026-03-27 09:25:57.124,0.000018,-0.000221,00A8,0000000000000000,8
2026-03-27 09:25:57.124,2026-03-27 09:25:57.124,0.000018,-0.000221,019E,0000000000000000,8
2026-03-27 09:25:57.175,2026-03-27 09:25:57.175,0.000028,-0.000221,00AA,0000102764199000,8
2026-03-27 09:25:57.175,2026-03-27 09:25:57.175,0.000028,-0.000221,00A8,0000000000000000,8
2026-03-27 09:25:57.175,2026-03-27 09:25:57.175,0.000028,-0.000221,019E,0000000000000000,8
2026-03-27 09:25:57.224,2026-03-27 09:25:57.224,0.000039,-0.000221,00AA,0000102764199000,8
2026-03-27 09:25:57.225,2026-03-27 09:25:57.225,0.000039,-0.000221,00A8,0000000000000000,8
2026-03-27 09:25:57.225,2026-03-27 09:25:57.225,0.000039,-0.000221,019E,0000000000000000,8
2026-03-27 09:25:57.275,2026-03-27 09:25:57.275,0.000049,-0.000221,00AA,0000102764199000,8
2026-03-27 09:25:57.275,2026-03-27 09:25:57.275,0.000049,-0.000221,00A8,0000000000000000,8
2026-03-27 09:25:57.275,2026-03-27 09:25:57.275,0.000049,-0.000221,019E,0000000000000000,8
2026-03-27 09:25:57.324,2026-03-27 09:25:57.324,0.000060,-0.000221,00AA,0000102764199000,8
2026-03-27 09:25:57.325,2026-03-27 09:25:57.325,0.000060,-0.000221,00A8,0000000000000000,8
2026-03-27 09:25:57.325,2026-03-27 09:25:57.325,0.000060,-0.000221,019E,0000000000000000,8
2026-03-27 09:25:57.375,2026-03-27 09:25:57.375,0.000070,-0.000221,00AA,0000102764199000,8
2026-03-27 09:25:57.375,2026-03-27 09:25:57.375,0.000070,-0.000221,00A8,0000000000000000,8
2026-03-27 09:25:57.375,2026-03-27 09:25:57.375,0.000070,-0.000221,019E,0000000000000000,8
2026-03-27 09:25:57.425,2026-03-27 09:25:57.425,0.000081,-0.000221,00AA,0000102764199000,8
2026-03-27 09:25:57.425,2026-03-27 09:25:57.425,0.000081,-0.000221,00A8,0000000000000000,8
2026-03-27 09:25:57.425,2026-03-27 09:25:57.425,0.000081,-0.000221,019E,0000000000000000,8
2026-03-27 09:25:57.475,2026-03-27 09:25:57.475,0.000092,-0.000221,00AA,0000102764199000,8
2026-03-27 09:25:57.475,2026-03-27 09:25:57.475,0.000092,-0.000221,00A8,0000000000000000,8
2026-03-27 09:25:57.475,2026-03-27 09:25:57.475,0.000092,-0.000221,019E,0000000000000000,8
2026-03-27 09:25:57.524,2026-03-27 09:25:57.524,0.000103,-0.000221,00AA,0000102764199000,8
2026-03-27 09:25:57.524,2026-03-27 09:25:57.524,0.000103,-0.000221,00A8,0000000000000000,8
2026-03-27 09:25:57.524,2026-03-27 09:25:57.524,0.000103,-0.000221,019E,0000000000000000,8
2026-03-27 09:25:57.574,2026-03-27 09:25:57.574,0.000114,-0.000221,00AA,0000102764199000,8
2026-03-27 09:25:57.574,2026-03-27 09:25:57.574,0.000114,-0.000221,00A8,0000000000000000,8
2026-03-27 09:25:57.574,2026-03-27 09:25:57.574,0.000114,-0.000221,019E,0000000000000000,8
2026-03-27 09:25:57.625,2026-03-27 09:25:57.625,0.000125,-0.000221,00AA,0000102764199000,8
2026-03-27 09:25:57.625,2026-03-27 09:25:57.625,0.000125,-0.000221,00A8,0000000000000000,8
2026-03-27 09:25:57.625,2026-03-27 09:25:57.625,0.000125,-0.000221,019E,0000000000000000,8
2026-03-27 09:25:57.675,2026-03-27 09:25:57.675,0.000136,-0.000221,00AA,0000102764199000,8
2026-03-27 09:25:57.675,2026-03-27 09:25:57.675,0.000136,-0.000221,00A8,0000000000000000,8
2026-03-27 09:25:57.675,2026-03-27 09:25:57.675,0.000136,-0.000221,019E,0000000000000000,8
2026-03-27 09:25:57.725,2026-03-27 09:25:57.725,0.000147,-0.000221,00AA,0000102764199000,8
2026-03-27 09:25:57.726,2026-03-27 09:25:57.726,0.000147,-0.000221,00A8,0000000000000000,8
2026-03-27 09:25:57.726,2026-03-27 09:25:57.726,0.000147,-0.000221,019E,0000000000000000,8
2026-03-27 09:25:57.775,2026-03-27 09:25:57.775,0.000159,-0.000221,00AA,0000102764199000,8
2026-03-27 09:25:57.776,2026-03-27 09:25:57.776,0.000159,-0.000221,00A8,0000000000000000,8
2026-03-27 09:25:57.776,2026-03-27 09:25:57.776,0.000159,-0.000221,019E,0000000000000000,8
2026-03-27 09:25:57.827,2026-03-27 09:25:57.827,0.000170,-0.000221,00AA,0000102764199000,8
2026-03-27 09:25:57.827,2026-03-27 09:25:57.827,0.000170,-0.000221,00A8,0000000000000000,8
2026-03-27 09:25:57.827,2026-03-27 09:25:57.827,0.000170,-0.000221,019E,0000000000000000,8
2026-03-27 09:25:57.876,2026-03-27 09:25:57.876,0.000182,-0.000221,00AA,0000102764199000,8
2026-03-27 09:25:57.877,2026-03-27 09:25:57.877,0.000182,-0.000221,00A8,0000000000000000,8
2026-03-27 09:25:57.877,2026-03-27 09:25:57.877,0.000182,-0.000221,019E,0000000000000000,8
2026-03-27 09:25:57.927,2026-03-27 09:25:57.927,0.000193,-0.000221,00AA,0000102764199000,8
2026-03-27 09:25:57.927,2026-03-27 09:25:57.927,0.000193,-0.000221,00A8,0000000000000000,8
2026-03-27 09:25:57.927,2026-03-27 09:25:57.927,0.000193,-0.000221,019E,0000000000000000,8
2026-03-27 09:25:57.977,2026-03-27 09:25:57.977,0.000205,-0.000221,00AA,0000102764199000,8
2026-03-27 09:25:57.977,2026-03-27 09:25:57.977,0.000205,-0.000221,00A8,0000000000000000,8
2026-03-27 09:25:57.978,2026-03-27 09:25:57.978,0.000205,-0.000221,019E,0000000000000000,8
2026-03-27 09:25:58.027,2026-03-27 09:25:58.027,0.000217,-0.000221,00AA,0000102764199000,8
2026-03-27 09:25:58.028,2026-03-27 09:25:58.028,0.000217,-0.000221,00A8,0000000000000000,8
2026-03-27 09:25:58.028,2026-03-27 09:25:58.028,0.000217,-0.000221,019E,0000000000000000,8
2026-03-27 09:25:58.077,2026-03-27 09:25:58.077,0.000228,-0.000221,00AA,0000102764199000,8
2026-03-27 09:25:58.077,2026-03-27 09:25:58.077,0.000228,-0.000221,00A8,0000000000000000,8
2026-03-27 09:25:58.077,2026-03-27 09:25:58.077,0.000228,-0.000221,019E,0000000000000000,8
2026-03-27 09:25:58.126,2026-03-27 09:25:58.126,0.000240,-0.000221,00AA,0000102764199000,8
2026-03-27 09:25:58.127,2026-03-27 09:25:58.127,0.000240,-0.000221,00A8,0000000000000000,8
2026-03-27 09:25:58.127,2026-03-27 09:25:58.127,0.000240,-0.000221,019E,0000000000000000,8
2026-03-27 09:25:58.177,2026-03-27 09:25:58.177,0.000252,-0.000222,00AA,0000102764199000,8
2026-03-27 09:25:58.177,2026-03-27 09:25:58.177,0.000252,-0.000222,00A8,0000000000000000,8
2026-03-27 09:25:58.177,2026-03-27 09:25:58.177,0.000252,-0.000222,019E,0000000000000000,8
2026-03-27 09:25:58.227,2026-03-27 09:25:58.227,0.000264,-0.000222,00AA,0000102764199000,8
2026-03-27 09:25:58.227,2026-03-27 09:25:58.227,0.000264,-0.000222,00A8,0000000000000000,8
2026-03-27 09:25:58.227,2026-03-27 09:25:58.227,0.000264,-0.000222,019E,0000000000000000,8
2026-03-27 09:25:58.276,2026-03-27 09:25:58.276,0.000276,-0.000222,00AA,0000102764199000,8
2026-03-27 09:25:58.277,2026-03-27 09:25:58.277,0.000276,-0.000222,00A8,0000000000000000,8
2026-03-27 09:25:58.277,2026-03-27 09:25:58.277,0.000276,-0.000222,019E,0000000000000000,8
2026-03-27 09:25:58.327,2026-03-27 09:25:58.327,0.000289,-0.000222,00AA,0000102764199000,8
2026-03-27 09:25:58.327,2026-03-27 09:25:58.327,0.000289,-0.000222,00A8,0000000000000000,8
2026-03-27 09:25:58.327,2026-03-27 09:25:58.327,0.000289,-0.000222,019E,0000000000000000,8
2026-03-27 09:25:58.376,2026-03-27 09:25:58.376,0.000301,-0.000222,00AA,0000102764199000,8
2026-03-27 09:25:58.377,2026-03-27 09:25:58.377,0.000301,-0.000222,00A8,0000000000000000,8
2026-03-27 09:25:58.377,2026-03-27 09:25:58.377,0.000301,-0.000222,019E,0000000000000000,8
2026-03-27 09:25:58.427,2026-03-27 09:25:58.427,0.000313,-0.000222,00AA,0000102764199000,8
2026-03-27 09:25:58.427,2026-03-27 09:25:58.427,0.000313,-0.000222,00A8,0000000000000000,8
2026-03-27 09:25:58.427,2026-03-27 09:25:58.427,0.000313,-0.000222,019E,0000000000000000,8
2026-03-27 09:25:58.476,2026-03-27 09:25:58.476,0.000326,-0.000222,00AA,0000102764199000,8
2026-03-27 09:25:58.477,2026-03-27 09:25:58.477,0.000326,-0.000222,00A8,0000000000000000,8
2026-03-27 09:25:58.477,2026-03-27 09:25:58.477,0.000326,-0.000222,019E,0000000000000000,8
2026-03-27 09:25:58.527,2026-03-27 09:25:58.527,0.000338,-0.000222,00AA,0000102764199000,8
2026-03-27 09:25:58.527,2026-03-27 09:25:58.527,0.000338,-0.000222,00A8,0000000000000000,8
2026-03-27 09:25:58.527,2026-03-27 09:25:58.527,0.000338,-0.000222,019E,0000000000000000,8
2026-03-27 09:25:58.577,2026-03-27 09:25:58.577,0.000351,-0.000222,00AA,0000102764199000,8
2026-03-27 09:25:58.577,2026-03-27 09:25:58.577,0.000351,-0.000222,00A8,0000000000000000,8
2026-03-27 09:25:58.577,2026-03-27 09:25:58.577,0.000351,-0.000222,019E,0000000000000000,8
2026-03-27 09:25:58.627,2026-03-27 09:25:58.627,0.000364,-0.000222,00AA,0000102764199000,8
2026-03-27 09:25:58.627,2026-03-27 09:25:58.627,0.000364,-0.000222,00A8,0000000000000000,8
2026-03-27 09:25:58.627,2026-03-27 09:25:58.627,0.000364,-0.000222,019E,0000000000000000,8
2026-03-27 09:25:58.677,2026-03-27 09:25:58.677,0.000376,-0.000222,00AA,0000102764199000,8
2026-03-27 09:25:58.677,2026-03-27 09:25:58.677,0.000376,-0.000222,00A8,0000000000000000,8
2026-03-27 09:25:58.677,2026-03-27 09:25:58.677,0.000376,-0.000222,019E,0000000000000000,8
2026-03-27 09:25:58.728,2026-03-27 09:25:58.728,0.000389,-0.000222,00AA,0000102764199000,8
2026-03-27 09:25:58.728,2026-03-27 09:25:58.728,0.000389,-0.000222,00A8,0000000000000000,8
2026-03-27 09:25:58.728,2026-03-27 09:25:58.728,0.000389,-0.000222,019E,0000000000000000,8
2026-03-27 09:25:58.777,2026-03-27 09:25:58.777,0.000402,-0.000222,00AA,0000102764199000,8
2026-03-27 09:25:58.777,2026-03-27 09:25:58.777,0.000402,-0.000222,00A8,0000000000000000,8
2026-03-27 09:25:58.778,2026-03-27 09:25:58.778,0.000402,-0.000222,019E,0000000000000000,8
2026-03-27 09:25:58.828,2026-03-27 09:25:58.828,0.000415,-0.000222,00AA,0000102764199000,8
2026-03-27 09:25:58.828,2026-03-27 09:25:58.828,0.000415,-0.000222,00A8,0000000000000000,8
2026-03-27 09:25:58.828,2026-03-27 09:25:58.828,0.000415,-0.000222,019E,0000000000000000,8
2026-03-27 09:25:58.877,2026-03-27 09:25:58.877,0.000428,-0.000222,00AA,0000102764199000,8
2026-03-27 09:25:58.878,2026-03-27 09:25:58.878,0.000428,-0.000222,00A8,0000000000000000,8
2026-03-27 09:25:58.878,2026-03-27 09:25:58.878,0.000428,-0.000222,019E,0000000000000000,8
2026-03-27 09:25:58.928,2026-03-27 09:25:58.928,0.000441,-0.000222,00AA,0000102764199000,8
2026-03-27 09:25:58.928,2026-03-27 09:25:58.928,0.000441,-0.000222,00A8,0000000000000000,8
2026-03-27 09:25:58.928,2026-03-27 09:25:58.928,0.000441,-0.000222,019E,0000000000000000,8
2026-03-27 09:25:58.978,2026-03-27 09:25:58.978,0.000454,-0.000222,00AA,0000102764199000,8
2026-03-27 09:25:58.978,2026-03-27 09:25:58.978,0.000454,-0.000222,00A8,0000000000000000,8
2026-03-27 09:25:58.978,2026-03-27 09:25:58.978,0.000454,-0.000222,019E,0000000000000000,8
2026-03-27 09:25:59.028,2026-03-27 09:25:59.028,0.000468,-0.000222,00AA,0000102764199000,8
2026-03-27 09:25:59.028,2026-03-27 09:25:59.028,0.000468,-0.000222,00A8,0000000000000000,8
2026-03-27 09:25:59.029,2026-03-27 09:25:59.029,0.000468,-0.000222,019E,0000000000000000,8
2026-03-27 09:25:59.079,2026-03-27 09:25:59.079,0.000481,-0.000222,00AA,0000102764199000,8
2026-03-27 09:25:59.079,2026-03-27 09:25:59.079,0.000481,-0.000222,00A8,0000000000000000,8
2026-03-27 09:25:59.079,2026-03-27 09:25:59.079,0.000481,-0.000222,019E,0000000000000000,8
2026-03-27 09:25:59.129,2026-03-27 09:25:59.129,0.000495,-0.000222,00AA,0000102764199000,8
2026-03-27 09:25:59.129,2026-03-27 09:25:59.129,0.000495,-0.000222,00A8,0000000000000000,8
2026-03-27 09:25:59.129,2026-03-27 09:25:59.129,0.000495,-0.000222,019E,0000000000000000,8
2026-03-27 09:25:59.178,2026-03-27 09:25:59.178,0.000508,-0.000222,00AA,0000102764199000,8
2026-03-27 09:25:59.179,2026-03-27 09:25:59.179,0.000508,-0.000222,00A8,0000000000000000,8
2026-03-27 09:25:59.179,2026-03-27 09:25:59.179,0.000508,-0.000222,019E,0000000000000000,8
2026-03-27 09:25:59.229,2026-03-27 09:25:59.229,0.000522,-0.000222,00AA,0000102764199000,8
2026-03-27 09:25:59.229,2026-03-27 09:25:59.229,0.000522,-0.000222,00A8,0000000000000000,8
2026-03-27 09:25:59.229,2026-03-27 09:25:59.229,0.000522,-0.000222,019E,0000000000000000,8
2026-03-27 09:25:59.278,2026-03-27 09:25:59.278,0.000535,-0.000222,00AA,0000102764199000,8
2026-03-27 09:25:59.279,2026-03-27 09:25:59.279,0.000535,-0.000222,00A8,0000000000000000,8
2026-03-27 09:25:59.279,2026-03-27 09:25:59.279,0.000535,-0.000222,019E,0000000000000000,8
2026-03-27 09:25:59.328,2026-03-27 09:25:59.328,0.000549,-0.000222,00AA,0000102764199000,8
2026-03-27 09:25:59.329,2026-03-27 09:25:59.329,0.000549,-0.000222,00A8,0000000000000000,8
2026-03-27 09:25:59.329,2026-03-27 09:25:59.329,0.000549,-0.000222,019E,0000000000000000,8
2026-03-27 09:25:59.378,2026-03-27 09:25:59.378,0.000563,-0.000222,00AA,0000102764199000,8
2026-03-27 09:25:59.378,2026-03-27 09:25:59.378,0.000563,-0.000222,00A8,0000000000000000,8
2026-03-27 09:25:59.378,2026-03-27 09:25:59.378,0.000563,-0.000222,019E,0000000000000000,8
2026-03-27 09:25:59.428,2026-03-27 09:25:59.428,0.000577,-0.000222,00AA,0000102764199000,8
2026-03-27 09:25:59.428,2026-03-27 09:25:59.428,0.000577,-0.000222,00A8,0000000000000000,8
2026-03-27 09:25:59.428,2026-03-27 09:25:59.428,0.000577,-0.000222,019E,0000000000000000,8
2026-03-27 09:25:59.478,2026-03-27 09:25:59.478,0.000591,-0.000222,00AA,0000102764199000,8
2026-03-27 09:25:59.479,2026-03-27 09:25:59.479,0.000591,-0.000222,00A8,0000000000000000,8
2026-03-27 09:25:59.479,2026-03-27 09:25:59.479,0.000591,-0.000222,019E,0000000000000000,8
2026-03-27 09:25:59.528,2026-03-27 09:25:59.528,0.000605,-0.000222,00AA,0000102764199000,8
2026-03-27 09:25:59.529,2026-03-27 09:25:59.529,0.000605,-0.000222,00A8,0000000000000000,8
2026-03-27 09:25:59.529,2026-03-27 09:25:59.529,0.000605,-0.000222,019E,0000000000000000,8
2026-03-27 09:25:59.578,2026-03-27 09:25:59.578,0.000619,-0.000222,00AA,0000102764199000,8
2026-03-27 09:25:59.579,2026-03-27 09:25:59.579,0.000619,-0.000222,00A8,0000000000000000,8
2026-03-27 09:25:59.579,2026-03-27 09:25:59.579,0.000619,-0.000222,019E,0000000000000000,8
2026-03-27 09:25:59.628,2026-03-27 09:25:59.628,0.000633,-0.000222,00AA,0000102764199000,8
2026-03-27 09:25:59.629,2026-03-27 09:25:59.629,0.000633,-0.000222,00A8,0000000000000000,8
2026-03-27 09:25:59.629,2026-03-27 09:25:59.629,0.000633,-0.000222,019E,0000000000000000,8
2026-03-27 09:25:59.678,2026-03-27 09:25:59.678,0.000647,-0.000222,00AA,0000102764199000,8
2026-03-27 09:25:59.678,2026-03-27 09:25:59.678,0.000647,-0.000222,00A8,0000000000000000,8
2026-03-27 09:25:59.679,2026-03-27 09:25:59.679,0.000647,-0.000222,019E,0000000000000000,8
2026-03-27 09:25:59.728,2026-03-27 09:25:59.728,0.000662,-0.000222,00AA,0000102764199000,8
2026-03-27 09:25:59.729,2026-03-27 09:25:59.729,0.000662,-0.000222,00A8,0000000000000000,8
2026-03-27 09:25:59.729,2026-03-27 09:25:59.729,0.000662,-0.000222,019E,0000000000000000,8
2026-03-27 09:25:59.778,2026-03-27 09:25:59.778,0.000676,-0.000222,00AA,0000102764199000,8
2026-03-27 09:25:59.779,2026-03-27 09:25:59.779,0.000676,-0.000222,00A8,0000000000000000,8
2026-03-27 09:25:59.779,2026-03-27 09:25:59.779,0.000676,-0.000222,019E,0000000000000000,8
2026-03-27 09:25:59.828,2026-03-27 09:25:59.828,0.000691,-0.000222,00AA,0000102764199000,8
2026-03-27 09:25:59.829,2026-03-27 09:25:59.829,0.000691,-0.000222,00A8,0000000000000000,8
2026-03-27 09:25:59.829,2026-03-27 09:25:59.829,0.000691,-0.000222,019E,0000000000000000,8
2026-03-27 09:25:59.879,2026-03-27 09:25:59.879,0.000705,-0.000222,00AA,0000102764199000,8
2026-03-27 09:25:59.879,2026-03-27 09:25:59.879,0.000705,-0.000222,00A8,0000000000000000,8
2026-03-27 09:25:59.879,2026-03-27 09:25:59.879,0.000705,-0.000222,019E,0000000000000000,8
2026-03-27 09:25:59.928,2026-03-27 09:25:59.928,0.000720,-0.000222,00AA,0000102764199000,8
2026-03-27 09:25:59.928,2026-03-27 09:25:59.928,0.000720,-0.000222,00A8,0000000000000000,8
2026-03-27 09:25:59.928,2026-03-27 09:25:59.928,0.000720,-0.000222,019E,0000000000000000,8
2026-03-27 09:25:59.978,2026-03-27 09:25:59.978,0.000735,-0.000222,00AA,0000102764199000,8
2026-03-27 09:25:59.979,2026-03-27 09:25:59.979,0.000735,-0.000222,00A8,0000000000000000,8
2026-03-27 09:25:59.979,2026-03-27 09:25:59.979,0.000735,-0.000222,019E,0000000000000000,8
2026-03-27 09:26:00.028,2026-03-27 09:26:00.028,0.000749,-0.000222,00AA,0000102764199000,8
2026-03-27 09:26:00.029,2026-03-27 09:26:00.029,0.000749,-0.000222,00A8,0000000000000000,8
2026-03-27 09:26:00.029,2026-03-27 09:26:00.029,0.000749,-0.000222,019E,0000000000000000,8
2026-03-27 09:26:00.079,2026-03-27 09:26:00.079,0.000764,-0.000222,00AA,0000102764199000,8
2026-03-27 09:26:00.079,2026-03-27 09:26:00.079,0.000764,-0.000222,00A8,0000000000000000,8
2026-03-27 09:26:00.079,2026-03-27 09:26:00.079,0.000764,-0.000222,019E,0000000000000000,8
2026-03-27 09:26:00.129,2026-03-27 09:26:00.129,0.000779,-0.000222,00AA,0000102764199000,8
2026-03-27 09:26:00.129,2026-03-27 09:26:00.129,0.000779,-0.000222,00A8,0000000000000000,8
2026-03-27 09:26:00.129,2026-03-27 09:26:00.129,0.000779,-0.000222,019E,0000000000000000,8
2026-03-27 09:26:00.178,2026-03-27 09:26:00.178,0.000794,-0.000223,00AA,0000102764199000,8
2026-03-27 09:26:00.179,2026-03-27 09:26:00.179,0.000794,-0.000223,00A8,0000000000000000,8
2026-03-27 09:26:00.179,2026-03-27 09:26:00.179,0.000794,-0.000223,019E,0000000000000000,8
2026-03-27 09:26:00.229,2026-03-27 09:26:00.229,0.000809,-0.000223,00AA,0000102764199000,8
2026-03-27 09:26:00.229,2026-03-27 09:26:00.229,0.000809,-0.000223,00A8,0000000000000000,8
2026-03-27 09:26:00.229,2026-03-27 09:26:00.229,0.000809,-0.000223,019E,0000000000000000,8
2026-03-27 09:26:00.278,2026-03-27 09:26:00.278,0.000825,-0.000223,00AA,0000102764199000,8
2026-03-27 09:26:00.279,2026-03-27 09:26:00.279,0.000825,-0.000223,00A8,0000000000000000,8
2026-03-27 09:26:00.279,2026-03-27 09:26:00.279,0.000825,-0.000223,019E,0000000000000000,8
2026-03-27 09:26:00.329,2026-03-27 09:26:00.329,0.000840,-0.000223,00AA,0000102764199000,8
2026-03-27 09:26:00.329,2026-03-27 09:26:00.329,0.000840,-0.000223,00A8,0000000000000000,8
2026-03-27 09:26:00.329,2026-03-27 09:26:00.329,0.000840,-0.000223,019E,0000000000000000,8
2026-03-27 09:26:00.379,2026-03-27 09:26:00.379,0.000855,-0.000223,00AA,0000102764199000,8
2026-03-27 09:26:00.379,2026-03-27 09:26:00.379,0.000855,-0.000223,00A8,0000000000000000,8
2026-03-27 09:26:00.379,2026-03-27 09:26:00.379,0.000855,-0.000223,019E,0000000000000000,8
2026-03-27 09:26:00.429,2026-03-27 09:26:00.429,0.000870,-0.000223,00AA,0000102764199000,8
2026-03-27 09:26:00.429,2026-03-27 09:26:00.429,0.000870,-0.000223,00A8,0000000000000000,8
2026-03-27 09:26:00.429,2026-03-27 09:26:00.429,0.000870,-0.000223,019E,0000000000000000,8
2026-03-27 09:26:00.479,2026-03-27 09:26:00.479,0.000886,-0.000223,00AA,0000102764199000,8
2026-03-27 09:26:00.479,2026-03-27 09:26:00.479,0.000886,-0.000223,00A8,0000000000000000,8
2026-03-27 09:26:00.479,2026-03-27 09:26:00.479,0.000886,-0.000223,019E,0000000000000000,8
2026-03-27 09:26:00.529,2026-03-27 09:26:00.529,0.000901,-0.000223,00AA,0000102764199000,8
2026-03-27 09:26:00.529,2026-03-27 09:26:00.529,0.000901,-0.000223,00A8,0000000000000000,8
2026-03-27 09:26:00.529,2026-03-27 09:26:00.529,0.000901,-0.000223,019E,0000000000000000,8
2026-03-27 09:26:00.579,2026-03-27 09:26:00.579,0.000917,-0.000223,00AA,0000102764199000,8
2026-03-27 09:26:00.579,2026-03-27 09:26:00.579,0.000917,-0.000223,00A8,0000000000000000,8
2026-03-27 09:26:00.579,2026-03-27 09:26:00.579,0.000917,-0.000223,019E,0000000000000000,8
2026-03-27 09:26:00.629,2026-03-27 09:26:00.629,0.000933,-0.000223,00AA,0000102764199000,8
2026-03-27 09:26:00.630,2026-03-27 09:26:00.630,0.000933,-0.000223,00A8,0000000000000000,8
2026-03-27 09:26:00.630,2026-03-27 09:26:00.630,0.000933,-0.000223,019E,0000000000000000,8
2026-03-27 09:26:00.680,2026-03-27 09:26:00.680,0.000948,-0.000223,00AA,0000102764199000,8
2026-03-27 09:26:00.680,2026-03-27 09:26:00.680,0.000948,-0.000223,00A8,0000000000000000,8
2026-03-27 09:26:00.680,2026-03-27 09:26:00.680,0.000948,-0.000223,019E,0000000000000000,8
2026-03-27 09:26:00.729,2026-03-27 09:26:00.729,0.000964,-0.000223,00AA,0000102764199000,8
2026-03-27 09:26:00.729,2026-03-27 09:26:00.729,0.000964,-0.000223,00A8,0000000000000000,8
2026-03-27 09:26:00.729,2026-03-27 09:26:00.729,0.000964,-0.000223,019E,0000000000000000,8
2026-03-27 09:26:00.780,2026-03-27 09:26:00.780,0.000980,-0.000223,00AA,0000102764199000,8
2026-03-27 09:26:00.780,2026-03-27 09:26:00.780,0.000980,-0.000223,00A8,0000000000000000,8
2026-03-27 09:26:00.780,2026-03-27 09:26:00.780,0.000980,-0.000223,019E,0000000000000000,8
2026-03-27 09:26:00.829,2026-03-27 09:26:00.829,0.000996,-0.000223,00AA,0000102764199000,8
2026-03-27 09:26:00.829,2026-03-27 09:26:00.829,0.000996,-0.000223,00A8,0000000000000000,8
2026-03-27 09:26:00.829,2026-03-27 09:26:00.829,0.000996,-0.000223,019E,0000000000000000,8
2026-03-27 09:26:00.880,2026-03-27 09:26:00.880,0.001012,-0.000223,01A0,DC14000000010000,8
2026-03-27 09:26:00.880,2026-03-27 09:26:00.880,0.001012,-0.000223,00AA,0000102764199000,8
2026-03-27 09:26:00.880,2026-03-27 09:26:00.880,0.001012,-0.000223,00A8,0000000000000000,8
2026-03-27 09:26:00.880,2026-03-27 09:26:00.880,0.001012,-0.000223,019E,0000000000000000,8
2026-03-27 09:26:00.930,2026-03-27 09:26:00.930,0.001028,-0.000223,01A0,DE14001000010000,8
2026-03-27 09:26:00.930,2026-03-27 09:26:00.930,0.001028,-0.000223,00AA,0000102764199000,8
2026-03-27 09:26:00.931,2026-03-27 09:26:00.931,0.001028,-0.000223,00A8,0000000000000000,8
2026-03-27 09:26:00.931,2026-03-27 09:26:00.931,0.001028,-0.000223,019E,0000000000000000,8
2026-03-27 09:26:00.980,2026-03-27 09:26:00.980,0.001044,-0.000223,01A0,E314003000010000,8
2026-03-27 09:26:00.980,2026-03-27 09:26:00.980,0.001044,-0.000223,00AA,0000102764199000,8
2026-03-27 09:26:00.980,2026-03-27 09:26:00.980,0.001044,-0.000223,00A8,0000000000000000,8
2026-03-27 09:26:00.980,2026-03-27 09:26:00.980,0.001044,-0.000223,019E,0000000000000000,8
2026-03-27 09:26:01.031,2026-03-27 09:26:01.031,0.001060,-0.000223,01A0,E814003000010000,8
2026-03-27 09:26:01.031,2026-03-27 09:26:01.031,0.001060,-0.000223,00AA,0000102764199000,8
2026-03-27 09:26:01.031,2026-03-27 09:26:01.031,0.001060,-0.000223,00A8,0000000000000000,8
2026-03-27 09:26:01.031,2026-03-27 09:26:01.031,0.001060,-0.000223,019E,0000000000000000,8
2026-03-27 09:26:01.080,2026-03-27 09:26:01.080,0.001076,-0.000223,01A0,ED14003000010000,8
2026-03-27 09:26:01.080,2026-03-27 09:26:01.080,0.001076,-0.000223,00AA,0000102764199000,8
2026-03-27 09:26:01.080,2026-03-27 09:26:01.080,0.001076,-0.000223,00A8,0000000000000000,8
2026-03-27 09:26:01.080,2026-03-27 09:26:01.080,0.001076,-0.000223,019E,0000000000000000,8
2026-03-27 09:26:01.129,2026-03-27 09:26:01.129,0.001092,-0.000223,01A0,F314003000000000,8
2026-03-27 09:26:01.130,2026-03-27 09:26:01.130,0.001092,-0.000223,00AA,0000102764199000,8
2026-03-27 09:26:01.130,2026-03-27 09:26:01.130,0.001092,-0.000223,00A8,0000000000000000,8
2026-03-27 09:26:01.130,2026-03-27 09:26:01.130,0.001092,-0.000223,019E,0000000000000000,8
2026-03-27 09:26:01.184,2026-03-27 09:26:01.184,0.001090,-0.000222,00AA,0000102764199000,8
2026-03-27 09:26:01.184,2026-03-27 09:26:01.184,0.001090,-0.000222,00A8,0000000000000000,8
2026-03-27 09:26:01.184,2026-03-27 09:26:01.184,0.001090,-0.000222,019E,0000000000000000,8
2026-03-27 09:26:01.231,2026-03-27 09:26:01.231,0.001088,-0.000221,01A0,E500000000390000,8
2026-03-27 09:26:01.231,2026-03-27 09:26:01.231,0.001088,-0.000221,00AA,0000102764199000,8
2026-03-27 09:26:01.231,2026-03-27 09:26:01.231,0.001088,-0.000221,00A8,0000000000000000,8
2026-03-27 09:26:01.231,2026-03-27 09:26:01.231,0.001088,-0.000221,019E,0000000000000000,8
2026-03-27 09:26:01.280,2026-03-27 09:26:01.280,0.001085,-0.000220,01A0,DE00000000390000,8
2026-03-27 09:26:01.280,2026-03-27 09:26:01.280,0.001085,-0.000220,00AA,0000102764199000,8
2026-03-27 09:26:01.280,2026-03-27 09:26:01.280,0.001085,-0.000220,00A8,0000000000000000,8
2026-03-27 09:26:01.280,2026-03-27 09:26:01.280,0.001085,-0.000220,019E,0000000000000000,8
2026-03-27 09:26:01.331,2026-03-27 09:26:01.331,0.001083,-0.000219,01A0,D800000000390000,8
2026-03-27 09:26:01.331,2026-03-27 09:26:01.331,0.001083,-0.000219,00AA,0000102764199000,8
2026-03-27 09:26:01.331,2026-03-27 09:26:01.331,0.001083,-0.000219,00A8,0000000000000000,8
2026-03-27 09:26:01.331,2026-03-27 09:26:01.331,0.001083,-0.000219,019E,0000000000000000,8
2026-03-27 09:26:01.380,2026-03-27 09:26:01.380,0.001081,-0.000218,01A0,D400000000390000,8
2026-03-27 09:26:01.381,2026-03-27 09:26:01.381,0.001081,-0.000218,00AA,0000102764199000,8
2026-03-27 09:26:01.381,2026-03-27 09:26:01.381,0.001081,-0.000218,00A8,0000000000000000,8
2026-03-27 09:26:01.381,2026-03-27 09:26:01.381,0.001081,-0.000218,019E,0000000000000000,8
2026-03-27 09:26:01.431,2026-03-27 09:26:01.431,0.001078,-0.000217,01A0,D000000000390000,8
2026-03-27 09:26:01.431,2026-03-27 09:26:01.431,0.001078,-0.000217,00AA,0000102764199000,8
2026-03-27 09:26:01.432,2026-03-27 09:26:01.432,0.001078,-0.000217,00A8,0000000000000000,8
2026-03-27 09:26:01.432,2026-03-27 09:26:01.432,0.001078,-0.000217,019E,0000000000000000,8
2026-03-27 09:26:01.480,2026-03-27 09:26:01.480,0.001076,-0.000216,01A0,CE00000000390000,8
2026-03-27 09:26:01.480,2026-03-27 09:26:01.480,0.001076,-0.000216,00AA,0000102764199000,8
2026-03-27 09:26:01.481,2026-03-27 09:26:01.481,0.001076,-0.000216,00A8,0000000000000000,8
2026-03-27 09:26:01.481,2026-03-27 09:26:01.481,0.001076,-0.000216,019E,0000000000000000,8
2026-03-27 09:26:01.530,2026-03-27 09:26:01.530,0.001073,-0.000215,01A0,CE00000000390000,8
2026-03-27 09:26:01.530,2026-03-27 09:26:01.530,0.001073,-0.000215,00AA,0000000000008000,8
2026-03-27 09:26:01.530,2026-03-27 09:26:01.530,0.001073,-0.000215,00A8,0000000000000000,8
2026-03-27 09:26:01.530,2026-03-27 09:26:01.530,0.001073,-0.000215,019E,0000000000000000,8
2026-03-27 09:26:01.580,2026-03-27 09:26:01.580,0.001071,-0.000214,01A0,CE00000000390000,8
2026-03-27 09:26:01.580,2026-03-27 09:26:01.580,0.001071,-0.000214,00AA,0000000000008000,8
2026-03-27 09:26:01.580,2026-03-27 09:26:01.580,0.001071,-0.000214,00A8,0000000000000000,8
2026-03-27 09:26:01.581,2026-03-27 09:26:01.581,0.001071,-0.000214,019E,0000000000000000,8
2026-03-27 09:26:01.630,2026-03-27 09:26:01.630,0.001069,-0.000213,01A0,D100000000390000,8
2026-03-27 09:26:01.630,2026-03-27 09:26:01.630,0.001069,-0.000213,00AA,0000000000008000,8
2026-03-27 09:26:01.630,2026-03-27 09:26:01.630,0.001069,-0.000213,00A8,0000000000000000,8
2026-03-27 09:26:01.630,2026-03-27 09:26:01.630,0.001069,-0.000213,019E,0000000000000000,8
2026-03-27 09:26:01.681,2026-03-27 09:26:01.681,0.001066,-0.000212,01A0,D400000000390000,8
2026-03-27 09:26:01.681,2026-03-27 09:26:01.681,0.001066,-0.000212,00AA,0000000000008000,8
2026-03-27 09:26:01.681,2026-03-27 09:26:01.681,0.001066,-0.000212,00A8,0000000000000000,8
2026-03-27 09:26:01.681,2026-03-27 09:26:01.681,0.001066,-0.000212,019E,0000000000000000,8
2026-03-27 09:26:01.731,2026-03-27 09:26:01.731,0.001064,-0.000211,01A0,D900000000390000,8
2026-03-27 09:26:01.731,2026-03-27 09:26:01.731,0.001064,-0.000211,00AA,0000000000008000,8
2026-03-27 09:26:01.731,2026-03-27 09:26:01.731,0.001064,-0.000211,00A8,0000000000000000,8
2026-03-27 09:26:01.731,2026-03-27 09:26:01.731,0.001064,-0.000211,019E,0000000000000000,8
2026-03-27 09:26:01.781,2026-03-27 09:26:01.781,0.001062,-0.000211,01A0,CE00055000370000,8
2026-03-27 09:26:01.782,2026-03-27 09:26:01.782,0.001062,-0.000211,00AA,0000000000008000,8
2026-03-27 09:26:01.782,2026-03-27 09:26:01.782,0.001062,-0.000211,00A8,0000000000000000,8
2026-03-27 09:26:01.782,2026-03-27 09:26:01.782,0.001062,-0.000211,019E,0000000000000000,8
